[0m20:19:14.355058 [debug] [MainThread]: Sending event: {'category': 'dbt', 'action': 'invocation', 'label': 'start', 'context': [<snowplow_tracker.self_describing_json.SelfDescribingJson object at 0x73733f2563c0>, <snowplow_tracker.self_describing_json.SelfDescribingJson object at 0x7373411d8a50>, <snowplow_tracker.self_describing_json.SelfDescribingJson object at 0x73733d9e3890>]}


============================== 20:19:14.360475 | 187f5129-ee0e-47bc-aeec-3d84983de453 ==============================
[0m20:19:14.360475 [info ] [MainThread]: Running with dbt=1.12.5
[0m20:19:14.361947 [debug] [MainThread]: running dbt with arguments {'use_experimental_parser': 'False', 'invocation_command': 'dbt debug --profiles-dir /home/astro/.dbt', 'partial_parse': 'True', 'log_format': 'default', 'target_path': 'None', 'printer_width': '80', 'profiles_dir': '/home/astro/.dbt', 'static_parser': 'True', 'cache_selected_only': 'False', 'quiet': 'False', 'log_cache_events': 'False', 'hints_enabled': 'True', 'send_anonymous_usage_stats': 'True', 'empty': 'None', 'warn_error_options': 'WarnErrorOptionsV2(error=[], warn=[], silence=[])', 'no_print': 'None', 'write_json': 'True', 'introspect': 'True', 'debug': 'False', 'indirect_selection': 'eager', 'fail_fast': 'False', 'warn_error': 'None', 'log_path': '/usr/local/airflow/include/projeto_dw/logs', 'use_colors': 'True', 'maximum_seed_size_mib': '1', 'version_check': 'True'}
[0m20:19:14.425045 [info ] [MainThread]: dbt version: 1.12.5
[0m20:19:14.425892 [info ] [MainThread]: python version: 3.14.7
[0m20:19:14.426541 [info ] [MainThread]: python path: /usr/local/bin/python
[0m20:19:14.427174 [info ] [MainThread]: os info: Linux-7.0.0-1013-gcp-x86_64-with-glibc2.41
[0m20:19:20.478841 [info ] [MainThread]: Using profiles dir at /home/astro/.dbt
[0m20:19:20.479652 [info ] [MainThread]: Using profiles.yml file at /home/astro/.dbt/profiles.yml
[0m20:19:20.480346 [info ] [MainThread]: Using dbt_project.yml file at /usr/local/airflow/include/projeto_dw/dbt_project.yml
[0m20:19:20.481022 [info ] [MainThread]: adapter type: bigquery
[0m20:19:20.481673 [info ] [MainThread]: adapter version: 1.12.1
[0m20:19:20.640882 [info ] [MainThread]: Configuration:
[0m20:19:20.641770 [info ] [MainThread]:   profiles.yml file [[32mOK found and valid[0m]
[0m20:19:20.642475 [info ] [MainThread]:   dbt_project.yml file [[32mOK found and valid[0m]
[0m20:19:20.643160 [info ] [MainThread]: Required dependencies:
[0m20:19:20.643867 [debug] [MainThread]: Executing "git --help"
[0m20:19:20.646477 [info ] [MainThread]:  - git [[31mERROR[0m]

[0m20:19:20.647321 [info ] [MainThread]: Connection:
[0m20:19:20.648003 [info ] [MainThread]:   method: oauth
[0m20:19:20.648680 [info ] [MainThread]:   database: project-c3b69582-833e-4e2a-88c
[0m20:19:20.649341 [info ] [MainThread]:   execution_project: project-c3b69582-833e-4e2a-88c
[0m20:19:20.649961 [info ] [MainThread]:   schema: silver
[0m20:19:20.650575 [info ] [MainThread]:   location: southamerica-east1
[0m20:19:20.651261 [info ] [MainThread]:   priority: None
[0m20:19:20.651879 [info ] [MainThread]:   maximum_bytes_billed: None
[0m20:19:20.652473 [info ] [MainThread]:   reservation: None
[0m20:19:20.653037 [info ] [MainThread]:   impersonate_service_account: None
[0m20:19:20.653646 [info ] [MainThread]:   job_retry_deadline_seconds: None
[0m20:19:20.654271 [info ] [MainThread]:   job_retries: 1
[0m20:19:20.654933 [info ] [MainThread]:   job_creation_timeout_seconds: None
[0m20:19:20.655594 [info ] [MainThread]:   job_execution_timeout_seconds: None
[0m20:19:20.656193 [info ] [MainThread]:   job_link_info_level_log: False
[0m20:19:20.656789 [info ] [MainThread]:   timeout_seconds: None
[0m20:19:20.657362 [info ] [MainThread]:   client_id: None
[0m20:19:20.657920 [info ] [MainThread]:   token_uri: None
[0m20:19:20.658466 [info ] [MainThread]:   compute_region: None
[0m20:19:20.658977 [info ] [MainThread]:   dataproc_cluster_name: None
[0m20:19:20.659705 [info ] [MainThread]:   gcs_bucket: None
[0m20:19:20.660266 [info ] [MainThread]:   dataproc_batch: None
[0m20:19:20.661267 [info ] [MainThread]: Registered adapter: bigquery=1.12.1
[0m20:19:20.846698 [debug] [MainThread]: Acquiring new bigquery connection 'debug'
[0m20:19:20.847578 [debug] [MainThread]: On debug: select 1 as id
[0m20:19:20.848360 [debug] [MainThread]: Opening a new connection, currently in state init
[0m20:19:21.589349 [debug] [MainThread]: BigQuery adapter: https://console.cloud.google.com/bigquery?project=project-c3b69582-833e-4e2a-88c&j=bq:southamerica-east1:8ca74383-316a-4d55-a108-1c0b76c528ea&page=queryresults
[0m20:19:21.778726 [debug] [MainThread]: SQL status: OK in 0.188 seconds
[0m20:19:22.006075 [info ] [MainThread]:   Connection test: [[32mOK connection ok[0m]

[0m20:19:22.007510 [info ] [MainThread]: [31m1 check failed:[0m
[0m20:19:22.008407 [info ] [MainThread]: Error from git --help: Could not find command, ensure it is in the user's PATH: "git"

[0m20:19:22.009805 [debug] [MainThread]: Resource report: {"command_name": "debug", "command_success": false, "command_wall_clock_time": 7.771568, "process_in_blocks": "197536", "process_kernel_time": 1.461543, "process_mem_max_rss": "270148", "process_out_blocks": "24", "process_user_time": 8.434902}
[0m20:19:22.010622 [debug] [MainThread]: Command `dbt debug` failed at 20:19:22.010449 after 7.77 seconds
[0m20:19:22.011148 [debug] [MainThread]: Connection 'debug' was properly closed.
[0m20:19:22.011709 [debug] [MainThread]: Sending event: {'category': 'dbt', 'action': 'invocation', 'label': 'end', 'context': [<snowplow_tracker.self_describing_json.SelfDescribingJson object at 0x7373261023f0>, <snowplow_tracker.self_describing_json.SelfDescribingJson object at 0x737326027410>, <snowplow_tracker.self_describing_json.SelfDescribingJson object at 0x737325f9b130>]}
[0m20:19:22.012338 [debug] [MainThread]: Flushing usage events
[0m20:19:22.529972 [debug] [MainThread]: An error was encountered while trying to flush usage events
[0m20:21:01.423283 [debug] [MainThread]: Sending event: {'category': 'dbt', 'action': 'invocation', 'label': 'start', 'context': [<snowplow_tracker.self_describing_json.SelfDescribingJson object at 0x74671074e3c0>, <snowplow_tracker.self_describing_json.SelfDescribingJson object at 0x7467126c8a50>, <snowplow_tracker.self_describing_json.SelfDescribingJson object at 0x74670ef13890>]}


============================== 20:21:01.430313 | 66fd53b8-39d7-4d1c-aa81-d52ad3e02142 ==============================
[0m20:21:01.430313 [info ] [MainThread]: Running with dbt=1.12.5
[0m20:21:01.431683 [debug] [MainThread]: running dbt with arguments {'partial_parse': 'True', 'fail_fast': 'False', 'profiles_dir': '/home/astro/.dbt', 'introspect': 'True', 'static_parser': 'True', 'use_colors': 'True', 'target_path': 'None', 'log_path': '/usr/local/airflow/include/projeto_dw/logs', 'log_cache_events': 'False', 'hints_enabled': 'True', 'warn_error': 'None', 'printer_width': '80', 'indirect_selection': 'eager', 'no_print': 'None', 'use_experimental_parser': 'False', 'version_check': 'True', 'write_json': 'True', 'invocation_command': 'dbt run --profiles-dir /home/astro/.dbt', 'warn_error_options': 'WarnErrorOptionsV2(error=[], warn=[], silence=[])', 'log_format': 'default', 'quiet': 'False', 'cache_selected_only': 'False', 'debug': 'False', 'empty': 'False', 'maximum_seed_size_mib': '1', 'send_anonymous_usage_stats': 'True'}
[0m20:21:04.886236 [debug] [MainThread]: Sending event: {'category': 'dbt', 'action': 'project_id', 'label': '66fd53b8-39d7-4d1c-aa81-d52ad3e02142', 'context': [<snowplow_tracker.self_describing_json.SelfDescribingJson object at 0x7466f758d0f0>]}
[0m20:21:04.989245 [debug] [MainThread]: Sending event: {'category': 'dbt', 'action': 'adapter_info', 'label': '66fd53b8-39d7-4d1c-aa81-d52ad3e02142', 'context': [<snowplow_tracker.self_describing_json.SelfDescribingJson object at 0x74671266e7a0>]}
[0m20:21:04.990846 [info ] [MainThread]: Registered adapter: bigquery=1.12.1
[0m20:21:05.210383 [debug] [MainThread]: checksum: 22bc04b104bea0da067adfb288e6ba424fcb4a4f4349f53ee8805d9c99dc5146, vars: {}, profile: projeto_dw, target: dev, version: 1.12.5
[0m20:21:05.211927 [info ] [MainThread]: Unable to do partial parsing because saved manifest not found. Starting full parse.
[0m20:21:05.212748 [debug] [MainThread]: Sending event: {'category': 'dbt', 'action': 'partial_parser', 'label': '66fd53b8-39d7-4d1c-aa81-d52ad3e02142', 'context': [<snowplow_tracker.self_describing_json.SelfDescribingJson object at 0x7466f7671a50>]}
[0m20:21:07.455392 [warn ] [MainThread]: [[33mWARNING[0m]: Configuration paths exist in your dbt_project.yml file which do not apply to any resources.
There are 1 unused configuration paths:
- models.projeto_dw.gold
[0m20:21:07.462234 [debug] [MainThread]: Sending event: {'category': 'dbt', 'action': 'load_project', 'label': '66fd53b8-39d7-4d1c-aa81-d52ad3e02142', 'context': [<snowplow_tracker.self_describing_json.SelfDescribingJson object at 0x7466f7387110>]}
[0m20:21:07.589979 [debug] [MainThread]: Wrote artifact WritableManifest to /usr/local/airflow/include/projeto_dw/target/manifest.json
[0m20:21:07.594390 [debug] [MainThread]: Wrote artifact SemanticManifest to /usr/local/airflow/include/projeto_dw/target/semantic_manifest.json
[0m20:21:07.681636 [debug] [MainThread]: Wrote artifact OsiDocument to /usr/local/airflow/include/projeto_dw/target/osi_document.json
[0m20:21:07.748970 [debug] [MainThread]: Sending event: {'category': 'dbt', 'action': 'resource_counts', 'label': '66fd53b8-39d7-4d1c-aa81-d52ad3e02142', 'context': [<snowplow_tracker.self_describing_json.SelfDescribingJson object at 0x7466f68f9d30>]}
[0m20:21:07.749702 [info ] [MainThread]: Found 6 models, 6 sources, 561 macros
[0m20:21:07.750362 [debug] [MainThread]: Sending event: {'category': 'dbt', 'action': 'runnable_timing', 'label': '66fd53b8-39d7-4d1c-aa81-d52ad3e02142', 'context': [<snowplow_tracker.self_describing_json.SelfDescribingJson object at 0x7466f71f6340>]}
[0m20:21:07.753862 [info ] [MainThread]: 
[0m20:21:07.754556 [info ] [MainThread]: Concurrency: 4 threads (target='dev')
[0m20:21:07.754964 [info ] [MainThread]: 
[0m20:21:07.756043 [debug] [MainThread]: Acquiring new bigquery connection 'master'
[0m20:21:07.762567 [debug] [ThreadPool]: Acquiring new bigquery connection 'list_project-c3b69582-833e-4e2a-88c'
[0m20:21:07.763331 [debug] [ThreadPool]: Opening a new connection, currently in state init
[0m20:21:08.231090 [debug] [ThreadPool]: Re-using an available connection from the pool (formerly list_project-c3b69582-833e-4e2a-88c, now create_project-c3b69582-833e-4e2a-88c_silver_silver)
[0m20:21:08.232017 [debug] [ThreadPool]: Creating schema "database: "project-c3b69582-833e-4e2a-88c"
schema: "silver_silver"
"
[0m20:21:08.243163 [debug] [ThreadPool]: On create_project-c3b69582-833e-4e2a-88c_silver_silver: /* {"app": "dbt", "dbt_version": "1.12.5", "profile_name": "projeto_dw", "target_name": "dev", "connection_name": "create_project-c3b69582-833e-4e2a-88c_silver_silver"} */
create schema if not exists `project-c3b69582-833e-4e2a-88c`.`silver_silver`
  
[0m20:21:08.243886 [debug] [ThreadPool]: Opening a new connection, currently in state closed
[0m20:21:08.705470 [debug] [ThreadPool]: BigQuery adapter: https://console.cloud.google.com/bigquery?project=project-c3b69582-833e-4e2a-88c&j=bq:southamerica-east1:98bcb08d-0def-44eb-b127-8fea38239aff&page=queryresults
[0m20:21:10.581840 [debug] [ThreadPool]: SQL status: OK in 1.876 seconds
[0m20:21:10.626516 [debug] [ThreadPool]: Re-using an available connection from the pool (formerly create_project-c3b69582-833e-4e2a-88c_silver_silver, now list_project-c3b69582-833e-4e2a-88c_silver_silver)
[0m20:21:10.627327 [debug] [ThreadPool]: Opening a new connection, currently in state closed
[0m20:21:10.929574 [debug] [MainThread]: Sending event: {'category': 'dbt', 'action': 'runnable_timing', 'label': '66fd53b8-39d7-4d1c-aa81-d52ad3e02142', 'context': [<snowplow_tracker.self_describing_json.SelfDescribingJson object at 0x7466f68ed310>]}
[0m20:21:10.930448 [debug] [MainThread]: Opening a new connection, currently in state init
[0m20:21:10.938421 [debug] [Thread-5 (]: Began running node model.projeto_dw.stg_pedidos
[0m20:21:10.940888 [info ] [Thread-5 (]: 4 of 6 START sql view model silver_silver.stg_pedidos .......................... [RUN]
[0m20:21:10.940001 [debug] [Thread-4 (]: Began running node model.projeto_dw.stg_metas_vendas
[0m20:21:10.943864 [info ] [Thread-4 (]: 3 of 6 START sql view model silver_silver.stg_metas_vendas ..................... [RUN]
[0m20:21:10.939366 [debug] [Thread-3 (]: Began running node model.projeto_dw.stg_itens_pedido
[0m20:21:10.942953 [debug] [Thread-2 (]: Began running node model.projeto_dw.stg_clientes
[0m20:21:10.942070 [debug] [Thread-5 (]: Acquiring new bigquery connection 'model.projeto_dw.stg_pedidos'
[0m20:21:10.945182 [debug] [Thread-4 (]: Acquiring new bigquery connection 'model.projeto_dw.stg_metas_vendas'
[0m20:21:10.946067 [info ] [Thread-3 (]: 2 of 6 START sql view model silver_silver.stg_itens_pedido ..................... [RUN]
[0m20:21:10.947324 [info ] [Thread-2 (]: 1 of 6 START sql view model silver_silver.stg_clientes ......................... [RUN]
[0m20:21:10.948375 [debug] [Thread-5 (]: Began compiling node model.projeto_dw.stg_pedidos
[0m20:21:10.949037 [debug] [Thread-4 (]: Began compiling node model.projeto_dw.stg_metas_vendas
[0m20:21:10.949948 [debug] [Thread-3 (]: Acquiring new bigquery connection 'model.projeto_dw.stg_itens_pedido'
[0m20:21:10.950729 [debug] [Thread-2 (]: Re-using an available connection from the pool (formerly list_project-c3b69582-833e-4e2a-88c_silver_silver, now model.projeto_dw.stg_clientes)
[0m20:21:10.959464 [debug] [Thread-5 (]: Writing injected SQL for node "model.projeto_dw.stg_pedidos"
[0m20:21:10.962571 [debug] [Thread-4 (]: Writing injected SQL for node "model.projeto_dw.stg_metas_vendas"
[0m20:21:10.963392 [debug] [Thread-3 (]: Began compiling node model.projeto_dw.stg_itens_pedido
[0m20:21:10.967750 [debug] [Thread-3 (]: Writing injected SQL for node "model.projeto_dw.stg_itens_pedido"
[0m20:21:10.964090 [debug] [Thread-2 (]: Began compiling node model.projeto_dw.stg_clientes
[0m20:21:10.974765 [debug] [Thread-3 (]: Began executing node model.projeto_dw.stg_itens_pedido
[0m20:21:10.975724 [debug] [Thread-2 (]: Writing injected SQL for node "model.projeto_dw.stg_clientes"
[0m20:21:10.976932 [debug] [Thread-5 (]: Began executing node model.projeto_dw.stg_pedidos
[0m20:21:10.983624 [debug] [Thread-2 (]: Began executing node model.projeto_dw.stg_clientes
[0m20:21:10.994952 [debug] [Thread-4 (]: Began executing node model.projeto_dw.stg_metas_vendas
[0m20:21:11.086104 [debug] [Thread-2 (]: Writing runtime sql for node "model.projeto_dw.stg_clientes"
[0m20:21:11.092025 [debug] [Thread-5 (]: Writing runtime sql for node "model.projeto_dw.stg_pedidos"
[0m20:21:11.089071 [debug] [Thread-4 (]: Writing runtime sql for node "model.projeto_dw.stg_metas_vendas"
[0m20:21:11.088485 [debug] [Thread-3 (]: Writing runtime sql for node "model.projeto_dw.stg_itens_pedido"
[0m20:21:11.093579 [debug] [Thread-2 (]: On model.projeto_dw.stg_clientes: /* {"app": "dbt", "dbt_version": "1.12.5", "profile_name": "projeto_dw", "target_name": "dev", "node_id": "model.projeto_dw.stg_clientes"} */


  create or replace view `project-c3b69582-833e-4e2a-88c`.`silver_silver`.`stg_clientes`
  OPTIONS()
  as select * from `project-c3b69582-833e-4e2a-88c`.`bronze`.`clientes`;


[0m20:21:11.095487 [debug] [Thread-2 (]: Opening a new connection, currently in state closed
[0m20:21:11.099526 [debug] [Thread-4 (]: On model.projeto_dw.stg_metas_vendas: /* {"app": "dbt", "dbt_version": "1.12.5", "profile_name": "projeto_dw", "target_name": "dev", "node_id": "model.projeto_dw.stg_metas_vendas"} */


  create or replace view `project-c3b69582-833e-4e2a-88c`.`silver_silver`.`stg_metas_vendas`
  OPTIONS()
  as select * from `project-c3b69582-833e-4e2a-88c`.`bronze`.`metas_vendas`;


[0m20:21:11.100708 [debug] [Thread-4 (]: Opening a new connection, currently in state init
[0m20:21:11.103483 [debug] [Thread-3 (]: On model.projeto_dw.stg_itens_pedido: /* {"app": "dbt", "dbt_version": "1.12.5", "profile_name": "projeto_dw", "target_name": "dev", "node_id": "model.projeto_dw.stg_itens_pedido"} */


  create or replace view `project-c3b69582-833e-4e2a-88c`.`silver_silver`.`stg_itens_pedido`
  OPTIONS()
  as select * from `project-c3b69582-833e-4e2a-88c`.`bronze`.`itens_pedido`;


[0m20:21:11.094640 [debug] [Thread-5 (]: On model.projeto_dw.stg_pedidos: /* {"app": "dbt", "dbt_version": "1.12.5", "profile_name": "projeto_dw", "target_name": "dev", "node_id": "model.projeto_dw.stg_pedidos"} */


  create or replace view `project-c3b69582-833e-4e2a-88c`.`silver_silver`.`stg_pedidos`
  OPTIONS()
  as select * from `project-c3b69582-833e-4e2a-88c`.`bronze`.`pedidos`;


[0m20:21:11.106545 [debug] [Thread-5 (]: Opening a new connection, currently in state init
[0m20:21:11.104274 [debug] [Thread-3 (]: Opening a new connection, currently in state init
[0m20:21:11.521913 [debug] [Thread-3 (]: BigQuery adapter: https://console.cloud.google.com/bigquery?project=project-c3b69582-833e-4e2a-88c&j=bq:southamerica-east1:c7860d51-a431-4668-a9b4-33f5fbfd6bde&page=queryresults
[0m20:21:11.525428 [debug] [Thread-5 (]: BigQuery adapter: https://console.cloud.google.com/bigquery?project=project-c3b69582-833e-4e2a-88c&j=bq:southamerica-east1:59699769-1401-4553-996c-263cd9acee44&page=queryresults
[0m20:21:11.543221 [debug] [Thread-2 (]: BigQuery adapter: https://console.cloud.google.com/bigquery?project=project-c3b69582-833e-4e2a-88c&j=bq:southamerica-east1:7d5d402f-37e8-4260-a0a0-5d35ecbe3e52&page=queryresults
[0m20:21:11.662066 [debug] [Thread-4 (]: BigQuery adapter: https://console.cloud.google.com/bigquery?project=project-c3b69582-833e-4e2a-88c&j=bq:southamerica-east1:92a28396-bcc0-4291-bf16-b00785ff98eb&page=queryresults
[0m20:21:11.711514 [debug] [Thread-5 (]: SQL status: OK in 0.185 seconds
[0m20:21:11.750288 [debug] [Thread-5 (]: Sending event: {'category': 'dbt', 'action': 'run_model', 'label': '66fd53b8-39d7-4d1c-aa81-d52ad3e02142', 'context': [<snowplow_tracker.self_describing_json.SelfDescribingJson object at 0x746710449390>]}
[0m20:21:11.751440 [info ] [Thread-5 (]: 4 of 6 OK created sql view model silver_silver.stg_pedidos ..................... [[32mCREATE VIEW (0 processed)[0m in 0.80s]
[0m20:21:11.752811 [debug] [Thread-5 (]: Finished running node model.projeto_dw.stg_pedidos
[0m20:21:11.753569 [debug] [Thread-5 (]: Began running node model.projeto_dw.stg_produtos
[0m20:21:11.754354 [info ] [Thread-5 (]: 5 of 6 START sql view model silver_silver.stg_produtos ......................... [RUN]
[0m20:21:11.755499 [debug] [Thread-5 (]: Re-using an available connection from the pool (formerly model.projeto_dw.stg_pedidos, now model.projeto_dw.stg_produtos)
[0m20:21:11.756051 [debug] [Thread-5 (]: Began compiling node model.projeto_dw.stg_produtos
[0m20:21:11.758939 [debug] [Thread-5 (]: Writing injected SQL for node "model.projeto_dw.stg_produtos"
[0m20:21:11.759743 [debug] [Thread-5 (]: Began executing node model.projeto_dw.stg_produtos
[0m20:21:11.762544 [debug] [Thread-5 (]: Writing runtime sql for node "model.projeto_dw.stg_produtos"
[0m20:21:11.763348 [debug] [Thread-5 (]: On model.projeto_dw.stg_produtos: /* {"app": "dbt", "dbt_version": "1.12.5", "profile_name": "projeto_dw", "target_name": "dev", "node_id": "model.projeto_dw.stg_produtos"} */


  create or replace view `project-c3b69582-833e-4e2a-88c`.`silver_silver`.`stg_produtos`
  OPTIONS()
  as select * from `project-c3b69582-833e-4e2a-88c`.`bronze`.`produtos`;


[0m20:21:11.763917 [debug] [Thread-5 (]: Opening a new connection, currently in state closed
[0m20:21:11.801769 [debug] [Thread-2 (]: SQL status: OK in 0.258 seconds
[0m20:21:11.806897 [debug] [Thread-2 (]: Sending event: {'category': 'dbt', 'action': 'run_model', 'label': '66fd53b8-39d7-4d1c-aa81-d52ad3e02142', 'context': [<snowplow_tracker.self_describing_json.SelfDescribingJson object at 0x7466f54904b0>]}
[0m20:21:11.808067 [info ] [Thread-2 (]: 1 of 6 OK created sql view model silver_silver.stg_clientes .................... [[32mCREATE VIEW (0 processed)[0m in 0.86s]
[0m20:21:11.809316 [debug] [Thread-2 (]: Finished running node model.projeto_dw.stg_clientes
[0m20:21:11.810036 [debug] [Thread-2 (]: Began running node model.projeto_dw.stg_weather_current
[0m20:21:11.810801 [info ] [Thread-2 (]: 6 of 6 START sql view model silver_silver.stg_weather_current .................. [RUN]
[0m20:21:11.811647 [debug] [Thread-2 (]: Re-using an available connection from the pool (formerly model.projeto_dw.stg_clientes, now model.projeto_dw.stg_weather_current)
[0m20:21:11.812332 [debug] [Thread-2 (]: Began compiling node model.projeto_dw.stg_weather_current
[0m20:21:11.815215 [debug] [Thread-2 (]: Writing injected SQL for node "model.projeto_dw.stg_weather_current"
[0m20:21:11.816290 [debug] [Thread-2 (]: Began executing node model.projeto_dw.stg_weather_current
[0m20:21:11.819270 [debug] [Thread-2 (]: Writing runtime sql for node "model.projeto_dw.stg_weather_current"
[0m20:21:11.820160 [debug] [Thread-2 (]: On model.projeto_dw.stg_weather_current: /* {"app": "dbt", "dbt_version": "1.12.5", "profile_name": "projeto_dw", "target_name": "dev", "node_id": "model.projeto_dw.stg_weather_current"} */


  create or replace view `project-c3b69582-833e-4e2a-88c`.`silver_silver`.`stg_weather_current`
  OPTIONS()
  as select * from `project-c3b69582-833e-4e2a-88c`.`bronze`.`weather_current`;


[0m20:21:11.820815 [debug] [Thread-2 (]: Opening a new connection, currently in state closed
[0m20:21:11.836172 [debug] [Thread-3 (]: SQL status: OK in 0.313 seconds
[0m20:21:11.843303 [debug] [Thread-3 (]: Sending event: {'category': 'dbt', 'action': 'run_model', 'label': '66fd53b8-39d7-4d1c-aa81-d52ad3e02142', 'context': [<snowplow_tracker.self_describing_json.SelfDescribingJson object at 0x7466f54bd6d0>]}
[0m20:21:11.844565 [info ] [Thread-3 (]: 2 of 6 OK created sql view model silver_silver.stg_itens_pedido ................ [[32mCREATE VIEW (0 processed)[0m in 0.89s]
[0m20:21:11.845579 [debug] [Thread-3 (]: Finished running node model.projeto_dw.stg_itens_pedido
[0m20:21:11.868304 [debug] [Thread-4 (]: SQL status: OK in 0.205 seconds
[0m20:21:11.873376 [debug] [Thread-4 (]: Sending event: {'category': 'dbt', 'action': 'run_model', 'label': '66fd53b8-39d7-4d1c-aa81-d52ad3e02142', 'context': [<snowplow_tracker.self_describing_json.SelfDescribingJson object at 0x7466f6843ee0>]}
[0m20:21:11.874604 [info ] [Thread-4 (]: 3 of 6 OK created sql view model silver_silver.stg_metas_vendas ................ [[32mCREATE VIEW (0 processed)[0m in 0.93s]
[0m20:21:11.875780 [debug] [Thread-4 (]: Finished running node model.projeto_dw.stg_metas_vendas
[0m20:21:12.198774 [debug] [Thread-5 (]: BigQuery adapter: https://console.cloud.google.com/bigquery?project=project-c3b69582-833e-4e2a-88c&j=bq:southamerica-east1:4cac0788-158a-420f-87a5-a9d23a2f7125&page=queryresults
[0m20:21:12.236271 [debug] [Thread-2 (]: BigQuery adapter: https://console.cloud.google.com/bigquery?project=project-c3b69582-833e-4e2a-88c&j=bq:southamerica-east1:14d3ecf3-8f9c-4ef6-810b-dd7c6a2eabcb&page=queryresults
[0m20:21:12.324937 [debug] [Thread-5 (]: SQL status: OK in 0.125 seconds
[0m20:21:12.330339 [debug] [Thread-5 (]: Sending event: {'category': 'dbt', 'action': 'run_model', 'label': '66fd53b8-39d7-4d1c-aa81-d52ad3e02142', 'context': [<snowplow_tracker.self_describing_json.SelfDescribingJson object at 0x7466f55aa6f0>]}
[0m20:21:12.331676 [info ] [Thread-5 (]: 5 of 6 OK created sql view model silver_silver.stg_produtos .................... [[32mCREATE VIEW (0 processed)[0m in 0.57s]
[0m20:21:12.333082 [debug] [Thread-5 (]: Finished running node model.projeto_dw.stg_produtos
[0m20:21:12.357690 [debug] [Thread-2 (]: SQL status: OK in 0.121 seconds
[0m20:21:12.362892 [debug] [Thread-2 (]: Sending event: {'category': 'dbt', 'action': 'run_model', 'label': '66fd53b8-39d7-4d1c-aa81-d52ad3e02142', 'context': [<snowplow_tracker.self_describing_json.SelfDescribingJson object at 0x7466f55abdd0>]}
[0m20:21:12.364086 [info ] [Thread-2 (]: 6 of 6 OK created sql view model silver_silver.stg_weather_current ............. [[32mCREATE VIEW (0 processed)[0m in 0.55s]
[0m20:21:12.365734 [debug] [Thread-2 (]: Finished running node model.projeto_dw.stg_weather_current
[0m20:21:12.368884 [debug] [MainThread]: Opening a new connection, currently in state closed
[0m20:21:12.370487 [debug] [MainThread]: Connection 'master' was properly closed.
[0m20:21:12.371039 [debug] [MainThread]: Connection 'model.projeto_dw.stg_weather_current' was properly closed.
[0m20:21:12.371510 [debug] [MainThread]: Connection 'model.projeto_dw.stg_produtos' was properly closed.
[0m20:21:12.371861 [debug] [MainThread]: Connection 'model.projeto_dw.stg_metas_vendas' was properly closed.
[0m20:21:12.372300 [debug] [MainThread]: Connection 'model.projeto_dw.stg_itens_pedido' was properly closed.
[0m20:21:12.372815 [info ] [MainThread]: 
[0m20:21:12.373501 [info ] [MainThread]: Finished running 6 view models in 0 hours 0 minutes and 4.62 seconds (4.62s).
[0m20:21:12.376058 [debug] [MainThread]: Command end result
[0m20:21:12.435490 [debug] [MainThread]: Wrote artifact WritableManifest to /usr/local/airflow/include/projeto_dw/target/manifest.json
[0m20:21:12.439963 [debug] [MainThread]: Wrote artifact SemanticManifest to /usr/local/airflow/include/projeto_dw/target/semantic_manifest.json
[0m20:21:12.444267 [debug] [MainThread]: Wrote artifact OsiDocument to /usr/local/airflow/include/projeto_dw/target/osi_document.json
[0m20:21:12.453962 [debug] [MainThread]: Wrote artifact RunExecutionResult to /usr/local/airflow/include/projeto_dw/target/run_results.json
[0m20:21:12.454547 [info ] [MainThread]: 
[0m20:21:12.455216 [info ] [MainThread]: [32mCompleted successfully[0m
[0m20:21:12.455895 [info ] [MainThread]: 
[0m20:21:12.456666 [info ] [MainThread]: Done. PASS=6 WARN=0 ERROR=0 SKIP=0 NO-OP=0 REUSED=0 TOTAL=6
[0m20:21:12.457730 [debug] [MainThread]: Resource report: {"command_name": "run", "command_success": true, "command_wall_clock_time": 11.161426, "process_in_blocks": "3968", "process_kernel_time": 0.784755, "process_mem_max_rss": "289812", "process_out_blocks": "4152", "process_user_time": 11.320529}
[0m20:21:12.458414 [debug] [MainThread]: Command `dbt run` succeeded at 20:21:12.458270 after 11.16 seconds
[0m20:21:12.458892 [debug] [MainThread]: Sending event: {'category': 'dbt', 'action': 'invocation', 'label': 'end', 'context': [<snowplow_tracker.self_describing_json.SelfDescribingJson object at 0x7466f6f91df0>, <snowplow_tracker.self_describing_json.SelfDescribingJson object at 0x7466f70e3a10>, <snowplow_tracker.self_describing_json.SelfDescribingJson object at 0x74670fb9c410>]}
[0m20:21:12.459433 [debug] [MainThread]: Flushing usage events
[0m20:21:13.104252 [debug] [MainThread]: An error was encountered while trying to flush usage events
[0m20:23:34.838946 [debug] [MainThread]: Sending event: {'category': 'dbt', 'action': 'invocation', 'label': 'start', 'context': [<snowplow_tracker.self_describing_json.SelfDescribingJson object at 0x71e90a8a23c0>, <snowplow_tracker.self_describing_json.SelfDescribingJson object at 0x71e90c7b0a50>, <snowplow_tracker.self_describing_json.SelfDescribingJson object at 0x71e909067890>]}


============================== 20:23:34.843968 | 186c36c9-b074-4f57-8fef-3732c9a504ff ==============================
[0m20:23:34.843968 [info ] [MainThread]: Running with dbt=1.12.5
[0m20:23:34.845010 [debug] [MainThread]: running dbt with arguments {'hints_enabled': 'True', 'target_path': 'None', 'partial_parse': 'True', 'version_check': 'True', 'empty': 'False', 'use_colors': 'True', 'use_experimental_parser': 'False', 'debug': 'False', 'introspect': 'True', 'invocation_command': 'dbt run --select gold --profiles-dir /home/astro/.dbt', 'maximum_seed_size_mib': '1', 'no_print': 'None', 'fail_fast': 'False', 'cache_selected_only': 'False', 'profiles_dir': '/home/astro/.dbt', 'warn_error_options': 'WarnErrorOptionsV2(error=[], warn=[], silence=[])', 'warn_error': 'None', 'log_cache_events': 'False', 'static_parser': 'True', 'indirect_selection': 'eager', 'printer_width': '80', 'quiet': 'False', 'log_format': 'default', 'write_json': 'True', 'log_path': '/usr/local/airflow/include/projeto_dw/logs', 'send_anonymous_usage_stats': 'True'}
[0m20:23:37.992469 [debug] [MainThread]: Sending event: {'category': 'dbt', 'action': 'project_id', 'label': '186c36c9-b074-4f57-8fef-3732c9a504ff', 'context': [<snowplow_tracker.self_describing_json.SelfDescribingJson object at 0x71e8f16810f0>]}
[0m20:23:38.115556 [debug] [MainThread]: Sending event: {'category': 'dbt', 'action': 'adapter_info', 'label': '186c36c9-b074-4f57-8fef-3732c9a504ff', 'context': [<snowplow_tracker.self_describing_json.SelfDescribingJson object at 0x71e90c7567a0>]}
[0m20:23:38.116829 [info ] [MainThread]: Registered adapter: bigquery=1.12.1
[0m20:23:38.314356 [debug] [MainThread]: checksum: 22bc04b104bea0da067adfb288e6ba424fcb4a4f4349f53ee8805d9c99dc5146, vars: {}, profile: projeto_dw, target: dev, version: 1.12.5
[0m20:23:38.686694 [debug] [MainThread]: Partial parsing enabled: 0 files deleted, 7 files added, 0 files changed.
[0m20:23:38.687570 [debug] [MainThread]: Partial parsing: added file: projeto_dw://models/gold/fato_metas.sql
[0m20:23:38.688093 [debug] [MainThread]: Partial parsing: added file: projeto_dw://models/gold/dim_produtos.sql
[0m20:23:38.688539 [debug] [MainThread]: Partial parsing: added file: projeto_dw://models/gold/kpi_mensal.sql
[0m20:23:38.688924 [debug] [MainThread]: Partial parsing: added file: projeto_dw://macros/generate_schema_name.sql
[0m20:23:38.689356 [debug] [MainThread]: Partial parsing: added file: projeto_dw://models/gold/fato_vendas.sql
[0m20:23:38.689822 [debug] [MainThread]: Partial parsing: added file: projeto_dw://models/gold/dim_calendario.sql
[0m20:23:38.690298 [debug] [MainThread]: Partial parsing: added file: projeto_dw://models/gold/dim_clientes.sql
[0m20:23:38.694161 [info ] [MainThread]: Unable to do partial parsing because change detected to override macro. Starting full parse.
[0m20:23:40.540906 [debug] [MainThread]: Sending event: {'category': 'dbt', 'action': 'load_project', 'label': '186c36c9-b074-4f57-8fef-3732c9a504ff', 'context': [<snowplow_tracker.self_describing_json.SelfDescribingJson object at 0x71e8f1302250>]}
[0m20:23:40.678914 [debug] [MainThread]: Wrote artifact WritableManifest to /usr/local/airflow/include/projeto_dw/target/manifest.json
[0m20:23:40.683738 [debug] [MainThread]: Wrote artifact SemanticManifest to /usr/local/airflow/include/projeto_dw/target/semantic_manifest.json
[0m20:23:40.736258 [debug] [MainThread]: Wrote artifact OsiDocument to /usr/local/airflow/include/projeto_dw/target/osi_document.json
[0m20:23:40.795219 [debug] [MainThread]: Sending event: {'category': 'dbt', 'action': 'resource_counts', 'label': '186c36c9-b074-4f57-8fef-3732c9a504ff', 'context': [<snowplow_tracker.self_describing_json.SelfDescribingJson object at 0x71e8f1307f20>]}
[0m20:23:40.796015 [info ] [MainThread]: Found 12 models, 6 sources, 562 macros
[0m20:23:40.796648 [debug] [MainThread]: Sending event: {'category': 'dbt', 'action': 'runnable_timing', 'label': '186c36c9-b074-4f57-8fef-3732c9a504ff', 'context': [<snowplow_tracker.self_describing_json.SelfDescribingJson object at 0x71e8f1024590>]}
[0m20:23:40.799778 [info ] [MainThread]: 
[0m20:23:40.800414 [info ] [MainThread]: Concurrency: 4 threads (target='dev')
[0m20:23:40.801012 [info ] [MainThread]: 
[0m20:23:40.802091 [debug] [MainThread]: Acquiring new bigquery connection 'master'
[0m20:23:40.808113 [debug] [ThreadPool]: Acquiring new bigquery connection 'list_project-c3b69582-833e-4e2a-88c'
[0m20:23:40.808915 [debug] [ThreadPool]: Opening a new connection, currently in state init
[0m20:23:41.255600 [debug] [ThreadPool]: Re-using an available connection from the pool (formerly list_project-c3b69582-833e-4e2a-88c, now list_project-c3b69582-833e-4e2a-88c_gold)
[0m20:23:41.257541 [debug] [ThreadPool]: Opening a new connection, currently in state closed
[0m20:23:41.256822 [debug] [ThreadPool]: Acquiring new bigquery connection 'list_project-c3b69582-833e-4e2a-88c_silver'
[0m20:23:41.259577 [debug] [ThreadPool]: Opening a new connection, currently in state init
[0m20:23:41.530724 [debug] [MainThread]: Sending event: {'category': 'dbt', 'action': 'runnable_timing', 'label': '186c36c9-b074-4f57-8fef-3732c9a504ff', 'context': [<snowplow_tracker.self_describing_json.SelfDescribingJson object at 0x71e90902b6c0>]}
[0m20:23:41.531536 [debug] [MainThread]: Opening a new connection, currently in state init
[0m20:23:41.537454 [debug] [Thread-5 (]: Began running node model.projeto_dw.fato_metas
[0m20:23:41.538724 [debug] [Thread-3 (]: Began running node model.projeto_dw.dim_clientes
[0m20:23:41.539840 [debug] [Thread-2 (]: Began running node model.projeto_dw.dim_calendario
[0m20:23:41.540582 [debug] [Thread-4 (]: Began running node model.projeto_dw.dim_produtos
[0m20:23:41.541479 [info ] [Thread-5 (]: 4 of 6 START sql view model gold.fato_metas .................................... [RUN]
[0m20:23:41.542782 [info ] [Thread-3 (]: 2 of 6 START sql view model gold.dim_clientes .................................. [RUN]
[0m20:23:41.543939 [info ] [Thread-2 (]: 1 of 6 START sql view model gold.dim_calendario ................................ [RUN]
[0m20:23:41.546214 [debug] [Thread-5 (]: Acquiring new bigquery connection 'model.projeto_dw.fato_metas'
[0m20:23:41.544928 [info ] [Thread-4 (]: 3 of 6 START sql view model gold.dim_produtos .................................. [RUN]
[0m20:23:41.547119 [debug] [Thread-3 (]: Re-using an available connection from the pool (formerly list_project-c3b69582-833e-4e2a-88c_gold, now model.projeto_dw.dim_clientes)
[0m20:23:41.547843 [debug] [Thread-2 (]: Re-using an available connection from the pool (formerly list_project-c3b69582-833e-4e2a-88c_silver, now model.projeto_dw.dim_calendario)
[0m20:23:41.548445 [debug] [Thread-5 (]: Began compiling node model.projeto_dw.fato_metas
[0m20:23:41.549237 [debug] [Thread-4 (]: Acquiring new bigquery connection 'model.projeto_dw.dim_produtos'
[0m20:23:41.549819 [debug] [Thread-3 (]: Began compiling node model.projeto_dw.dim_clientes
[0m20:23:41.550407 [debug] [Thread-2 (]: Began compiling node model.projeto_dw.dim_calendario
[0m20:23:41.556373 [debug] [Thread-4 (]: Began compiling node model.projeto_dw.dim_produtos
[0m20:23:41.559507 [debug] [Thread-5 (]: Writing injected SQL for node "model.projeto_dw.fato_metas"
[0m20:23:41.562528 [debug] [Thread-3 (]: Writing injected SQL for node "model.projeto_dw.dim_clientes"
[0m20:23:41.564257 [debug] [Thread-2 (]: Writing injected SQL for node "model.projeto_dw.dim_calendario"
[0m20:23:41.567117 [debug] [Thread-4 (]: Writing injected SQL for node "model.projeto_dw.dim_produtos"
[0m20:23:41.569741 [debug] [Thread-3 (]: Began executing node model.projeto_dw.dim_clientes
[0m20:23:41.575035 [debug] [Thread-2 (]: Began executing node model.projeto_dw.dim_calendario
[0m20:23:41.568860 [debug] [Thread-5 (]: Began executing node model.projeto_dw.fato_metas
[0m20:23:41.606474 [debug] [Thread-4 (]: Began executing node model.projeto_dw.dim_produtos
[0m20:23:41.666235 [debug] [Thread-2 (]: Writing runtime sql for node "model.projeto_dw.dim_calendario"
[0m20:23:41.669755 [debug] [Thread-4 (]: Writing runtime sql for node "model.projeto_dw.dim_produtos"
[0m20:23:41.670554 [debug] [Thread-3 (]: Writing runtime sql for node "model.projeto_dw.dim_clientes"
[0m20:23:41.671580 [debug] [Thread-5 (]: Writing runtime sql for node "model.projeto_dw.fato_metas"
[0m20:23:41.674854 [debug] [Thread-3 (]: On model.projeto_dw.dim_clientes: /* {"app": "dbt", "dbt_version": "1.12.5", "profile_name": "projeto_dw", "target_name": "dev", "node_id": "model.projeto_dw.dim_clientes"} */


  create or replace view `project-c3b69582-833e-4e2a-88c`.`gold`.`dim_clientes`
  OPTIONS()
  as select *
from `project-c3b69582-833e-4e2a-88c`.`silver`.`stg_clientes`;


[0m20:23:41.675678 [debug] [Thread-3 (]: Opening a new connection, currently in state closed
[0m20:23:41.673264 [debug] [Thread-2 (]: On model.projeto_dw.dim_calendario: /* {"app": "dbt", "dbt_version": "1.12.5", "profile_name": "projeto_dw", "target_name": "dev", "node_id": "model.projeto_dw.dim_calendario"} */


  create or replace view `project-c3b69582-833e-4e2a-88c`.`gold`.`dim_calendario`
  OPTIONS()
  as select
    data
from unnest(
    generate_date_array(
        date("2026-01-01"),
        current_date()
    )
) as data;


[0m20:23:41.673998 [debug] [Thread-4 (]: On model.projeto_dw.dim_produtos: /* {"app": "dbt", "dbt_version": "1.12.5", "profile_name": "projeto_dw", "target_name": "dev", "node_id": "model.projeto_dw.dim_produtos"} */


  create or replace view `project-c3b69582-833e-4e2a-88c`.`gold`.`dim_produtos`
  OPTIONS()
  as select *
from `project-c3b69582-833e-4e2a-88c`.`silver`.`stg_produtos`;


[0m20:23:41.679310 [debug] [Thread-2 (]: Opening a new connection, currently in state closed
[0m20:23:41.680654 [debug] [Thread-5 (]: On model.projeto_dw.fato_metas: /* {"app": "dbt", "dbt_version": "1.12.5", "profile_name": "projeto_dw", "target_name": "dev", "node_id": "model.projeto_dw.fato_metas"} */


  create or replace view `project-c3b69582-833e-4e2a-88c`.`gold`.`fato_metas`
  OPTIONS()
  as select
    mes,
    meta_vendas
from `project-c3b69582-833e-4e2a-88c`.`silver`.`stg_metas_vendas`;


[0m20:23:41.682027 [debug] [Thread-4 (]: Opening a new connection, currently in state init
[0m20:23:41.686612 [debug] [Thread-5 (]: Opening a new connection, currently in state init
[0m20:23:42.103019 [debug] [Thread-2 (]: BigQuery adapter: https://console.cloud.google.com/bigquery?project=project-c3b69582-833e-4e2a-88c&j=bq:southamerica-east1:66120148-7836-4bdb-bf61-e5f5947fb944&page=queryresults
[0m20:23:42.263488 [debug] [Thread-2 (]: SQL status: OK in 0.160 seconds
[0m20:23:42.348682 [debug] [Thread-4 (]: BigQuery adapter: https://console.cloud.google.com/bigquery?project=project-c3b69582-833e-4e2a-88c&j=bq:southamerica-east1:b1cb3ad9-8314-429f-a7f2-129ff047602e&page=queryresults
[0m20:23:42.350900 [debug] [Thread-2 (]: Sending event: {'category': 'dbt', 'action': 'run_model', 'label': '186c36c9-b074-4f57-8fef-3732c9a504ff', 'context': [<snowplow_tracker.self_describing_json.SelfDescribingJson object at 0x71e8f0827dd0>]}
[0m20:23:42.352595 [info ] [Thread-2 (]: 1 of 6 OK created sql view model gold.dim_calendario ........................... [[32mCREATE VIEW (0 processed)[0m in 0.80s]
[0m20:23:42.354020 [debug] [Thread-2 (]: Finished running node model.projeto_dw.dim_calendario
[0m20:23:42.354762 [debug] [Thread-2 (]: Began running node model.projeto_dw.fato_vendas
[0m20:23:42.355598 [info ] [Thread-2 (]: 5 of 6 START sql view model gold.fato_vendas ................................... [RUN]
[0m20:23:42.356576 [debug] [Thread-2 (]: Re-using an available connection from the pool (formerly model.projeto_dw.dim_calendario, now model.projeto_dw.fato_vendas)
[0m20:23:42.357437 [debug] [Thread-2 (]: Began compiling node model.projeto_dw.fato_vendas
[0m20:23:42.360687 [debug] [Thread-2 (]: Writing injected SQL for node "model.projeto_dw.fato_vendas"
[0m20:23:42.361837 [debug] [Thread-5 (]: BigQuery adapter: https://console.cloud.google.com/bigquery?project=project-c3b69582-833e-4e2a-88c&j=bq:southamerica-east1:855201a1-9150-4d49-a6f5-c564afc42587&page=queryresults
[0m20:23:42.364519 [debug] [Thread-2 (]: Began executing node model.projeto_dw.fato_vendas
[0m20:23:42.367325 [debug] [Thread-2 (]: Writing runtime sql for node "model.projeto_dw.fato_vendas"
[0m20:23:42.368204 [debug] [Thread-2 (]: On model.projeto_dw.fato_vendas: /* {"app": "dbt", "dbt_version": "1.12.5", "profile_name": "projeto_dw", "target_name": "dev", "node_id": "model.projeto_dw.fato_vendas"} */


  create or replace view `project-c3b69582-833e-4e2a-88c`.`gold`.`fato_vendas`
  OPTIONS()
  as select
    i.item_id,
    i.pedido_id,
    p.cliente_id,
    i.produto_id,
    p.data_pedido,
    p.status,
    p.valor_total,
    i.quantidade,
    i.valor_unitario,
    i.valor_item
from `project-c3b69582-833e-4e2a-88c`.`silver`.`stg_itens_pedido` i
inner join `project-c3b69582-833e-4e2a-88c`.`silver`.`stg_pedidos` p
    on i.pedido_id = p.pedido_id;


[0m20:23:42.368839 [debug] [Thread-2 (]: Opening a new connection, currently in state closed
[0m20:23:42.447167 [debug] [Thread-3 (]: BigQuery adapter: https://console.cloud.google.com/bigquery?project=project-c3b69582-833e-4e2a-88c&j=bq:southamerica-east1:a4fdc8e4-5dfd-40a0-a63d-d896460880d9&page=queryresults
[0m20:23:42.489897 [debug] [Thread-4 (]: SQL status: OK in 0.140 seconds
[0m20:23:42.495184 [debug] [Thread-4 (]: Sending event: {'category': 'dbt', 'action': 'run_model', 'label': '186c36c9-b074-4f57-8fef-3732c9a504ff', 'context': [<snowplow_tracker.self_describing_json.SelfDescribingJson object at 0x71e8f08d9d30>]}
[0m20:23:42.496385 [info ] [Thread-4 (]: 3 of 6 OK created sql view model gold.dim_produtos ............................. [[32mCREATE VIEW (0 processed)[0m in 0.95s]
[0m20:23:42.497745 [debug] [Thread-4 (]: Finished running node model.projeto_dw.dim_produtos
[0m20:23:42.500254 [debug] [Thread-5 (]: SQL status: OK in 0.137 seconds
[0m20:23:42.507724 [debug] [Thread-5 (]: Sending event: {'category': 'dbt', 'action': 'run_model', 'label': '186c36c9-b074-4f57-8fef-3732c9a504ff', 'context': [<snowplow_tracker.self_describing_json.SelfDescribingJson object at 0x71e8f0512850>]}
[0m20:23:42.509106 [info ] [Thread-5 (]: 4 of 6 OK created sql view model gold.fato_metas ............................... [[32mCREATE VIEW (0 processed)[0m in 0.96s]
[0m20:23:42.510574 [debug] [Thread-5 (]: Finished running node model.projeto_dw.fato_metas
[0m20:23:42.528995 [debug] [Thread-3 (]: SQL status: OK in 0.081 seconds
[0m20:23:42.535716 [debug] [Thread-3 (]: Sending event: {'category': 'dbt', 'action': 'run_model', 'label': '186c36c9-b074-4f57-8fef-3732c9a504ff', 'context': [<snowplow_tracker.self_describing_json.SelfDescribingJson object at 0x71e8f070c950>]}
[0m20:23:42.537190 [info ] [Thread-3 (]: 2 of 6 OK created sql view model gold.dim_clientes ............................. [[32mCREATE VIEW (0 processed)[0m in 0.99s]
[0m20:23:42.538537 [debug] [Thread-3 (]: Finished running node model.projeto_dw.dim_clientes
[0m20:23:43.063772 [debug] [Thread-2 (]: BigQuery adapter: https://console.cloud.google.com/bigquery?project=project-c3b69582-833e-4e2a-88c&j=bq:southamerica-east1:f5131eb1-3f05-4e01-af9b-40919e532cb6&page=queryresults
[0m20:23:43.123065 [error] [Thread-2 (]: BigQuery adapter: https://console.cloud.google.com/bigquery?project=project-c3b69582-833e-4e2a-88c&j=bq:southamerica-east1:f5131eb1-3f05-4e01-af9b-40919e532cb6&page=queryresults
[0m20:23:43.140315 [debug] [Thread-2 (]: Database Error in model fato_vendas (models/gold/fato_vendas.sql)
  Name valor_unitario not found inside i at [15:7]
  compiled code at target/run/projeto_dw/models/gold/fato_vendas.sql
[0m20:23:43.141206 [debug] [Thread-2 (]: Sending event: {'category': 'dbt', 'action': 'run_model', 'label': '186c36c9-b074-4f57-8fef-3732c9a504ff', 'context': [<snowplow_tracker.self_describing_json.SelfDescribingJson object at 0x71e909084de0>]}
[0m20:23:43.142171 [error] [Thread-2 (]: 5 of 6 ERROR creating sql view model gold.fato_vendas .......................... [[31mERROR[0m in 0.78s]
[0m20:23:43.143212 [debug] [Thread-2 (]: Finished running node model.projeto_dw.fato_vendas
[0m20:23:43.144073 [debug] [Thread-8 (]: Marking all children of 'model.projeto_dw.fato_vendas' to be skipped because of status 'error'.  Reason: Database Error in model fato_vendas (models/gold/fato_vendas.sql)
  Name valor_unitario not found inside i at [15:7]
  compiled code at target/run/projeto_dw/models/gold/fato_vendas.sql.
[0m20:23:43.146351 [debug] [Thread-4 (]: Began running node model.projeto_dw.kpi_mensal
[0m20:23:43.146954 [info ] [Thread-4 (]: 6 of 6 SKIP relation gold.kpi_mensal ........................................... [[33mSKIP[0m]
[0m20:23:43.147741 [debug] [Thread-4 (]: Finished running node model.projeto_dw.kpi_mensal
[0m20:23:43.150259 [debug] [MainThread]: Opening a new connection, currently in state closed
[0m20:23:43.151231 [debug] [MainThread]: Connection 'master' was properly closed.
[0m20:23:43.151634 [debug] [MainThread]: Connection 'model.projeto_dw.dim_clientes' was properly closed.
[0m20:23:43.151965 [debug] [MainThread]: Connection 'model.projeto_dw.fato_vendas' was properly closed.
[0m20:23:43.152393 [debug] [MainThread]: Connection 'model.projeto_dw.fato_metas' was properly closed.
[0m20:23:43.152750 [debug] [MainThread]: Connection 'model.projeto_dw.dim_produtos' was properly closed.
[0m20:23:43.153336 [info ] [MainThread]: 
[0m20:23:43.154231 [info ] [MainThread]: Finished running 6 view models in 0 hours 0 minutes and 2.35 seconds (2.35s).
[0m20:23:43.156476 [debug] [MainThread]: Command end result
[0m20:23:43.211063 [debug] [MainThread]: Wrote artifact WritableManifest to /usr/local/airflow/include/projeto_dw/target/manifest.json
[0m20:23:43.215598 [debug] [MainThread]: Wrote artifact SemanticManifest to /usr/local/airflow/include/projeto_dw/target/semantic_manifest.json
[0m20:23:43.219786 [debug] [MainThread]: Wrote artifact OsiDocument to /usr/local/airflow/include/projeto_dw/target/osi_document.json
[0m20:23:43.230623 [debug] [MainThread]: Wrote artifact RunExecutionResult to /usr/local/airflow/include/projeto_dw/target/run_results.json
[0m20:23:43.231247 [info ] [MainThread]: 
[0m20:23:43.232314 [info ] [MainThread]: [31mCompleted with 1 error, 0 partial successes, and 0 warnings:[0m
[0m20:23:43.232965 [info ] [MainThread]: 
[0m20:23:43.233976 [error] [MainThread]: [[31mERROR[0m]: in model fato_vendas (models/gold/fato_vendas.sql)
[0m20:23:43.234771 [error] [MainThread]:   Database Error in model fato_vendas (models/gold/fato_vendas.sql)
  Name valor_unitario not found inside i at [15:7]
  compiled code at target/run/projeto_dw/models/gold/fato_vendas.sql
[0m20:23:43.235342 [info ] [MainThread]: 
[0m20:23:43.236163 [info ] [MainThread]:   compiled code at target/compiled/projeto_dw/models/gold/fato_vendas.sql
[0m20:23:43.236817 [info ] [MainThread]: 
[0m20:23:43.237539 [info ] [MainThread]: Done. PASS=4 WARN=0 ERROR=1 SKIP=1 NO-OP=0 REUSED=0 TOTAL=6
[0m20:23:43.238740 [debug] [MainThread]: Resource report: {"command_name": "run", "command_success": false, "command_wall_clock_time": 8.510203, "process_in_blocks": "176", "process_kernel_time": 0.697266, "process_mem_max_rss": "291612", "process_out_blocks": "4224", "process_user_time": 11.345201}
[0m20:23:43.239469 [debug] [MainThread]: Command `dbt run` failed at 20:23:43.239319 after 8.51 seconds
[0m20:23:43.239990 [debug] [MainThread]: Sending event: {'category': 'dbt', 'action': 'invocation', 'label': 'end', 'context': [<snowplow_tracker.self_describing_json.SelfDescribingJson object at 0x71e8f0f0f0b0>, <snowplow_tracker.self_describing_json.SelfDescribingJson object at 0x71e90b07a270>, <snowplow_tracker.self_describing_json.SelfDescribingJson object at 0x71e909cfa090>]}
[0m20:23:43.240579 [debug] [MainThread]: Flushing usage events
[0m20:23:43.883467 [debug] [MainThread]: An error was encountered while trying to flush usage events
[0m20:25:06.196302 [debug] [MainThread]: Sending event: {'category': 'dbt', 'action': 'invocation', 'label': 'start', 'context': [<snowplow_tracker.self_describing_json.SelfDescribingJson object at 0x760aebb863c0>, <snowplow_tracker.self_describing_json.SelfDescribingJson object at 0x760aedb04a50>, <snowplow_tracker.self_describing_json.SelfDescribingJson object at 0x760aea34b890>]}


============================== 20:25:06.201481 | 55d587b2-cb9f-40b2-a607-33108797bdef ==============================
[0m20:25:06.201481 [info ] [MainThread]: Running with dbt=1.12.5
[0m20:25:06.202813 [debug] [MainThread]: running dbt with arguments {'partial_parse': 'True', 'version_check': 'True', 'quiet': 'False', 'invocation_command': 'dbt run --select gold --profiles-dir /home/astro/.dbt', 'warn_error_options': 'WarnErrorOptionsV2(error=[], warn=[], silence=[])', 'maximum_seed_size_mib': '1', 'send_anonymous_usage_stats': 'True', 'log_cache_events': 'False', 'hints_enabled': 'True', 'profiles_dir': '/home/astro/.dbt', 'printer_width': '80', 'cache_selected_only': 'False', 'indirect_selection': 'eager', 'no_print': 'None', 'fail_fast': 'False', 'target_path': 'None', 'empty': 'False', 'debug': 'False', 'static_parser': 'True', 'use_colors': 'True', 'warn_error': 'None', 'log_path': '/usr/local/airflow/include/projeto_dw/logs', 'log_format': 'default', 'write_json': 'True', 'use_experimental_parser': 'False', 'introspect': 'True'}
[0m20:25:09.545783 [debug] [MainThread]: Sending event: {'category': 'dbt', 'action': 'project_id', 'label': '55d587b2-cb9f-40b2-a607-33108797bdef', 'context': [<snowplow_tracker.self_describing_json.SelfDescribingJson object at 0x760ad29ed0f0>]}
[0m20:25:09.648680 [debug] [MainThread]: Sending event: {'category': 'dbt', 'action': 'adapter_info', 'label': '55d587b2-cb9f-40b2-a607-33108797bdef', 'context': [<snowplow_tracker.self_describing_json.SelfDescribingJson object at 0x760aedaae7a0>]}
[0m20:25:09.651694 [info ] [MainThread]: Registered adapter: bigquery=1.12.1
[0m20:25:09.865417 [debug] [MainThread]: checksum: 22bc04b104bea0da067adfb288e6ba424fcb4a4f4349f53ee8805d9c99dc5146, vars: {}, profile: projeto_dw, target: dev, version: 1.12.5
[0m20:25:10.226342 [debug] [MainThread]: Partial parsing enabled: 0 files deleted, 0 files added, 1 files changed.
[0m20:25:10.227391 [debug] [MainThread]: Partial parsing: updated file: projeto_dw://models/silver/stg_itens_pedido.sql
[0m20:25:10.696872 [debug] [MainThread]: Sending event: {'category': 'dbt', 'action': 'load_project', 'label': '55d587b2-cb9f-40b2-a607-33108797bdef', 'context': [<snowplow_tracker.self_describing_json.SelfDescribingJson object at 0x760ad2756e50>]}
[0m20:25:10.864346 [debug] [MainThread]: Wrote artifact WritableManifest to /usr/local/airflow/include/projeto_dw/target/manifest.json
[0m20:25:10.869013 [debug] [MainThread]: Wrote artifact SemanticManifest to /usr/local/airflow/include/projeto_dw/target/semantic_manifest.json
[0m20:25:10.924595 [debug] [MainThread]: Wrote artifact OsiDocument to /usr/local/airflow/include/projeto_dw/target/osi_document.json
[0m20:25:10.982691 [debug] [MainThread]: Sending event: {'category': 'dbt', 'action': 'resource_counts', 'label': '55d587b2-cb9f-40b2-a607-33108797bdef', 'context': [<snowplow_tracker.self_describing_json.SelfDescribingJson object at 0x760ad1dab5c0>]}
[0m20:25:10.983529 [info ] [MainThread]: Found 12 models, 6 sources, 562 macros
[0m20:25:10.984271 [debug] [MainThread]: Sending event: {'category': 'dbt', 'action': 'runnable_timing', 'label': '55d587b2-cb9f-40b2-a607-33108797bdef', 'context': [<snowplow_tracker.self_describing_json.SelfDescribingJson object at 0x760ad1e3e270>]}
[0m20:25:10.987629 [info ] [MainThread]: 
[0m20:25:10.988389 [info ] [MainThread]: Concurrency: 4 threads (target='dev')
[0m20:25:10.989184 [info ] [MainThread]: 
[0m20:25:10.990304 [debug] [MainThread]: Acquiring new bigquery connection 'master'
[0m20:25:10.997443 [debug] [ThreadPool]: Acquiring new bigquery connection 'list_project-c3b69582-833e-4e2a-88c'
[0m20:25:10.998311 [debug] [ThreadPool]: Opening a new connection, currently in state init
[0m20:25:11.442428 [debug] [ThreadPool]: Re-using an available connection from the pool (formerly list_project-c3b69582-833e-4e2a-88c, now list_project-c3b69582-833e-4e2a-88c_silver)
[0m20:25:11.443401 [debug] [ThreadPool]: Opening a new connection, currently in state closed
[0m20:25:11.444281 [debug] [ThreadPool]: Acquiring new bigquery connection 'list_project-c3b69582-833e-4e2a-88c_gold'
[0m20:25:11.447033 [debug] [ThreadPool]: Opening a new connection, currently in state init
[0m20:25:11.676269 [debug] [MainThread]: Sending event: {'category': 'dbt', 'action': 'runnable_timing', 'label': '55d587b2-cb9f-40b2-a607-33108797bdef', 'context': [<snowplow_tracker.self_describing_json.SelfDescribingJson object at 0x760aea3136c0>]}
[0m20:25:11.677064 [debug] [MainThread]: Opening a new connection, currently in state init
[0m20:25:11.683416 [debug] [Thread-4 (]: Began running node model.projeto_dw.dim_produtos
[0m20:25:11.685687 [info ] [Thread-4 (]: 3 of 6 START sql view model gold.dim_produtos .................................. [RUN]
[0m20:25:11.684731 [debug] [Thread-3 (]: Began running node model.projeto_dw.dim_clientes
[0m20:25:11.686970 [debug] [Thread-4 (]: Acquiring new bigquery connection 'model.projeto_dw.dim_produtos'
[0m20:25:11.687710 [debug] [Thread-5 (]: Began running node model.projeto_dw.fato_metas
[0m20:25:11.688919 [debug] [Thread-2 (]: Began running node model.projeto_dw.dim_calendario
[0m20:25:11.689791 [info ] [Thread-3 (]: 2 of 6 START sql view model gold.dim_clientes .................................. [RUN]
[0m20:25:11.690905 [debug] [Thread-4 (]: Began compiling node model.projeto_dw.dim_produtos
[0m20:25:11.691936 [info ] [Thread-5 (]: 4 of 6 START sql view model gold.fato_metas .................................... [RUN]
[0m20:25:11.693383 [info ] [Thread-2 (]: 1 of 6 START sql view model gold.dim_calendario ................................ [RUN]
[0m20:25:11.694635 [debug] [Thread-3 (]: Re-using an available connection from the pool (formerly list_project-c3b69582-833e-4e2a-88c_silver, now model.projeto_dw.dim_clientes)
[0m20:25:11.700854 [debug] [Thread-5 (]: Acquiring new bigquery connection 'model.projeto_dw.fato_metas'
[0m20:25:11.704420 [debug] [Thread-4 (]: Writing injected SQL for node "model.projeto_dw.dim_produtos"
[0m20:25:11.705369 [debug] [Thread-2 (]: Re-using an available connection from the pool (formerly list_project-c3b69582-833e-4e2a-88c_gold, now model.projeto_dw.dim_calendario)
[0m20:25:11.707651 [debug] [Thread-2 (]: Began compiling node model.projeto_dw.dim_calendario
[0m20:25:11.706820 [debug] [Thread-5 (]: Began compiling node model.projeto_dw.fato_metas
[0m20:25:11.706095 [debug] [Thread-3 (]: Began compiling node model.projeto_dw.dim_clientes
[0m20:25:11.709877 [debug] [Thread-2 (]: Writing injected SQL for node "model.projeto_dw.dim_calendario"
[0m20:25:11.713164 [debug] [Thread-5 (]: Writing injected SQL for node "model.projeto_dw.fato_metas"
[0m20:25:11.713909 [debug] [Thread-4 (]: Began executing node model.projeto_dw.dim_produtos
[0m20:25:11.717482 [debug] [Thread-3 (]: Writing injected SQL for node "model.projeto_dw.dim_clientes"
[0m20:25:11.724710 [debug] [Thread-2 (]: Began executing node model.projeto_dw.dim_calendario
[0m20:25:11.725530 [debug] [Thread-5 (]: Began executing node model.projeto_dw.fato_metas
[0m20:25:11.800997 [debug] [Thread-4 (]: Writing runtime sql for node "model.projeto_dw.dim_produtos"
[0m20:25:11.803655 [debug] [Thread-3 (]: Began executing node model.projeto_dw.dim_clientes
[0m20:25:11.808228 [debug] [Thread-3 (]: Writing runtime sql for node "model.projeto_dw.dim_clientes"
[0m20:25:11.802685 [debug] [Thread-2 (]: Writing runtime sql for node "model.projeto_dw.dim_calendario"
[0m20:25:11.804575 [debug] [Thread-5 (]: Writing runtime sql for node "model.projeto_dw.fato_metas"
[0m20:25:11.809589 [debug] [Thread-4 (]: On model.projeto_dw.dim_produtos: /* {"app": "dbt", "dbt_version": "1.12.5", "profile_name": "projeto_dw", "target_name": "dev", "node_id": "model.projeto_dw.dim_produtos"} */


  create or replace view `project-c3b69582-833e-4e2a-88c`.`gold`.`dim_produtos`
  OPTIONS()
  as select *
from `project-c3b69582-833e-4e2a-88c`.`silver`.`stg_produtos`;


[0m20:25:11.810725 [debug] [Thread-4 (]: Opening a new connection, currently in state init
[0m20:25:11.813259 [debug] [Thread-2 (]: On model.projeto_dw.dim_calendario: /* {"app": "dbt", "dbt_version": "1.12.5", "profile_name": "projeto_dw", "target_name": "dev", "node_id": "model.projeto_dw.dim_calendario"} */


  create or replace view `project-c3b69582-833e-4e2a-88c`.`gold`.`dim_calendario`
  OPTIONS()
  as select
    data
from unnest(
    generate_date_array(
        date("2026-01-01"),
        current_date()
    )
) as data;


[0m20:25:11.815523 [debug] [Thread-2 (]: Opening a new connection, currently in state closed
[0m20:25:11.814013 [debug] [Thread-3 (]: On model.projeto_dw.dim_clientes: /* {"app": "dbt", "dbt_version": "1.12.5", "profile_name": "projeto_dw", "target_name": "dev", "node_id": "model.projeto_dw.dim_clientes"} */


  create or replace view `project-c3b69582-833e-4e2a-88c`.`gold`.`dim_clientes`
  OPTIONS()
  as select *
from `project-c3b69582-833e-4e2a-88c`.`silver`.`stg_clientes`;


[0m20:25:11.818716 [debug] [Thread-3 (]: Opening a new connection, currently in state closed
[0m20:25:11.814721 [debug] [Thread-5 (]: On model.projeto_dw.fato_metas: /* {"app": "dbt", "dbt_version": "1.12.5", "profile_name": "projeto_dw", "target_name": "dev", "node_id": "model.projeto_dw.fato_metas"} */


  create or replace view `project-c3b69582-833e-4e2a-88c`.`gold`.`fato_metas`
  OPTIONS()
  as select
    mes,
    meta_vendas
from `project-c3b69582-833e-4e2a-88c`.`silver`.`stg_metas_vendas`;


[0m20:25:11.822802 [debug] [Thread-5 (]: Opening a new connection, currently in state init
[0m20:25:12.192452 [debug] [Thread-2 (]: BigQuery adapter: https://console.cloud.google.com/bigquery?project=project-c3b69582-833e-4e2a-88c&j=bq:southamerica-east1:2daba305-8b50-4ff4-946b-74e126cf079d&page=queryresults
[0m20:25:12.404662 [debug] [Thread-2 (]: SQL status: OK in 0.211 seconds
[0m20:25:12.442339 [debug] [Thread-5 (]: BigQuery adapter: https://console.cloud.google.com/bigquery?project=project-c3b69582-833e-4e2a-88c&j=bq:southamerica-east1:86ddf652-222c-4145-82e8-9ff9732679b4&page=queryresults
[0m20:25:12.494375 [debug] [Thread-2 (]: Sending event: {'category': 'dbt', 'action': 'run_model', 'label': '55d587b2-cb9f-40b2-a607-33108797bdef', 'context': [<snowplow_tracker.self_describing_json.SelfDescribingJson object at 0x760ad1d11250>]}
[0m20:25:12.496402 [info ] [Thread-2 (]: 1 of 6 OK created sql view model gold.dim_calendario ........................... [[32mCREATE VIEW (0 processed)[0m in 0.78s]
[0m20:25:12.497888 [debug] [Thread-2 (]: Finished running node model.projeto_dw.dim_calendario
[0m20:25:12.499201 [debug] [Thread-2 (]: Began running node model.projeto_dw.fato_vendas
[0m20:25:12.500885 [info ] [Thread-2 (]: 5 of 6 START sql view model gold.fato_vendas ................................... [RUN]
[0m20:25:12.502047 [debug] [Thread-2 (]: Re-using an available connection from the pool (formerly model.projeto_dw.dim_calendario, now model.projeto_dw.fato_vendas)
[0m20:25:12.502887 [debug] [Thread-2 (]: Began compiling node model.projeto_dw.fato_vendas
[0m20:25:12.507733 [debug] [Thread-2 (]: Writing injected SQL for node "model.projeto_dw.fato_vendas"
[0m20:25:12.509073 [debug] [Thread-2 (]: Began executing node model.projeto_dw.fato_vendas
[0m20:25:12.513274 [debug] [Thread-2 (]: Writing runtime sql for node "model.projeto_dw.fato_vendas"
[0m20:25:12.514589 [debug] [Thread-2 (]: On model.projeto_dw.fato_vendas: /* {"app": "dbt", "dbt_version": "1.12.5", "profile_name": "projeto_dw", "target_name": "dev", "node_id": "model.projeto_dw.fato_vendas"} */


  create or replace view `project-c3b69582-833e-4e2a-88c`.`gold`.`fato_vendas`
  OPTIONS()
  as select
    i.item_id,
    i.pedido_id,
    p.cliente_id,
    i.produto_id,
    p.data_pedido,
    p.status,
    p.valor_total,
    i.quantidade,
    i.valor_unitario,
    i.valor_item
from `project-c3b69582-833e-4e2a-88c`.`silver`.`stg_itens_pedido` i
inner join `project-c3b69582-833e-4e2a-88c`.`silver`.`stg_pedidos` p
    on i.pedido_id = p.pedido_id;


[0m20:25:12.515372 [debug] [Thread-2 (]: Opening a new connection, currently in state closed
[0m20:25:12.520048 [debug] [Thread-3 (]: BigQuery adapter: https://console.cloud.google.com/bigquery?project=project-c3b69582-833e-4e2a-88c&j=bq:southamerica-east1:a1337c4e-e3c4-45bf-99ab-3fe025cf61b0&page=queryresults
[0m20:25:12.548424 [debug] [Thread-4 (]: BigQuery adapter: https://console.cloud.google.com/bigquery?project=project-c3b69582-833e-4e2a-88c&j=bq:southamerica-east1:ced0ef0f-153b-4842-87df-2bbe091f9ef3&page=queryresults
[0m20:25:12.643701 [debug] [Thread-3 (]: SQL status: OK in 0.123 seconds
[0m20:25:12.650716 [debug] [Thread-3 (]: Sending event: {'category': 'dbt', 'action': 'run_model', 'label': '55d587b2-cb9f-40b2-a607-33108797bdef', 'context': [<snowplow_tracker.self_describing_json.SelfDescribingJson object at 0x760ad0364940>]}
[0m20:25:12.652192 [info ] [Thread-3 (]: 2 of 6 OK created sql view model gold.dim_clientes ............................. [[32mCREATE VIEW (0 processed)[0m in 0.96s]
[0m20:25:12.653854 [debug] [Thread-3 (]: Finished running node model.projeto_dw.dim_clientes
[0m20:25:12.660532 [debug] [Thread-4 (]: SQL status: OK in 0.111 seconds
[0m20:25:12.665943 [debug] [Thread-4 (]: Sending event: {'category': 'dbt', 'action': 'run_model', 'label': '55d587b2-cb9f-40b2-a607-33108797bdef', 'context': [<snowplow_tracker.self_describing_json.SelfDescribingJson object at 0x760ad1d69270>]}
[0m20:25:12.667081 [info ] [Thread-4 (]: 3 of 6 OK created sql view model gold.dim_produtos ............................. [[32mCREATE VIEW (0 processed)[0m in 0.98s]
[0m20:25:12.668385 [debug] [Thread-4 (]: Finished running node model.projeto_dw.dim_produtos
[0m20:25:12.845505 [debug] [Thread-5 (]: SQL status: OK in 0.402 seconds
[0m20:25:12.851780 [debug] [Thread-5 (]: Sending event: {'category': 'dbt', 'action': 'run_model', 'label': '55d587b2-cb9f-40b2-a607-33108797bdef', 'context': [<snowplow_tracker.self_describing_json.SelfDescribingJson object at 0x760ad24db150>]}
[0m20:25:12.853361 [info ] [Thread-5 (]: 4 of 6 OK created sql view model gold.fato_metas ............................... [[32mCREATE VIEW (0 processed)[0m in 1.15s]
[0m20:25:12.855344 [debug] [Thread-5 (]: Finished running node model.projeto_dw.fato_metas
[0m20:25:13.137460 [debug] [Thread-2 (]: BigQuery adapter: https://console.cloud.google.com/bigquery?project=project-c3b69582-833e-4e2a-88c&j=bq:southamerica-east1:25b9af03-e457-4a00-8373-64ba23888f45&page=queryresults
[0m20:25:13.235722 [error] [Thread-2 (]: BigQuery adapter: https://console.cloud.google.com/bigquery?project=project-c3b69582-833e-4e2a-88c&j=bq:southamerica-east1:25b9af03-e457-4a00-8373-64ba23888f45&page=queryresults
[0m20:25:13.249401 [debug] [Thread-2 (]: Database Error in model fato_vendas (models/gold/fato_vendas.sql)
  Name valor_unitario not found inside i at [15:7]
  compiled code at target/run/projeto_dw/models/gold/fato_vendas.sql
[0m20:25:13.250266 [debug] [Thread-2 (]: Sending event: {'category': 'dbt', 'action': 'run_model', 'label': '55d587b2-cb9f-40b2-a607-33108797bdef', 'context': [<snowplow_tracker.self_describing_json.SelfDescribingJson object at 0x760ad0139d30>]}
[0m20:25:13.251214 [error] [Thread-2 (]: 5 of 6 ERROR creating sql view model gold.fato_vendas .......................... [[31mERROR[0m in 0.75s]
[0m20:25:13.252391 [debug] [Thread-2 (]: Finished running node model.projeto_dw.fato_vendas
[0m20:25:13.253315 [debug] [Thread-8 (]: Marking all children of 'model.projeto_dw.fato_vendas' to be skipped because of status 'error'.  Reason: Database Error in model fato_vendas (models/gold/fato_vendas.sql)
  Name valor_unitario not found inside i at [15:7]
  compiled code at target/run/projeto_dw/models/gold/fato_vendas.sql.
[0m20:25:13.255464 [debug] [Thread-3 (]: Began running node model.projeto_dw.kpi_mensal
[0m20:25:13.256075 [info ] [Thread-3 (]: 6 of 6 SKIP relation gold.kpi_mensal ........................................... [[33mSKIP[0m]
[0m20:25:13.256866 [debug] [Thread-3 (]: Finished running node model.projeto_dw.kpi_mensal
[0m20:25:13.259500 [debug] [MainThread]: Opening a new connection, currently in state closed
[0m20:25:13.260609 [debug] [MainThread]: Connection 'master' was properly closed.
[0m20:25:13.261045 [debug] [MainThread]: Connection 'model.projeto_dw.dim_clientes' was properly closed.
[0m20:25:13.261494 [debug] [MainThread]: Connection 'model.projeto_dw.fato_vendas' was properly closed.
[0m20:25:13.261845 [debug] [MainThread]: Connection 'model.projeto_dw.dim_produtos' was properly closed.
[0m20:25:13.262212 [debug] [MainThread]: Connection 'model.projeto_dw.fato_metas' was properly closed.
[0m20:25:13.262710 [info ] [MainThread]: 
[0m20:25:13.263217 [info ] [MainThread]: Finished running 6 view models in 0 hours 0 minutes and 2.27 seconds (2.27s).
[0m20:25:13.265723 [debug] [MainThread]: Command end result
[0m20:25:13.319663 [debug] [MainThread]: Wrote artifact WritableManifest to /usr/local/airflow/include/projeto_dw/target/manifest.json
[0m20:25:13.324722 [debug] [MainThread]: Wrote artifact SemanticManifest to /usr/local/airflow/include/projeto_dw/target/semantic_manifest.json
[0m20:25:13.329188 [debug] [MainThread]: Wrote artifact OsiDocument to /usr/local/airflow/include/projeto_dw/target/osi_document.json
[0m20:25:13.339678 [debug] [MainThread]: Wrote artifact RunExecutionResult to /usr/local/airflow/include/projeto_dw/target/run_results.json
[0m20:25:13.340303 [info ] [MainThread]: 
[0m20:25:13.340954 [info ] [MainThread]: [31mCompleted with 1 error, 0 partial successes, and 0 warnings:[0m
[0m20:25:13.341705 [info ] [MainThread]: 
[0m20:25:13.342573 [error] [MainThread]: [[31mERROR[0m]: in model fato_vendas (models/gold/fato_vendas.sql)
[0m20:25:13.343343 [error] [MainThread]:   Database Error in model fato_vendas (models/gold/fato_vendas.sql)
  Name valor_unitario not found inside i at [15:7]
  compiled code at target/run/projeto_dw/models/gold/fato_vendas.sql
[0m20:25:13.343901 [info ] [MainThread]: 
[0m20:25:13.344679 [info ] [MainThread]:   compiled code at target/compiled/projeto_dw/models/gold/fato_vendas.sql
[0m20:25:13.345309 [info ] [MainThread]: 
[0m20:25:13.346011 [info ] [MainThread]: Done. PASS=4 WARN=0 ERROR=1 SKIP=1 NO-OP=0 REUSED=0 TOTAL=6
[0m20:25:13.347167 [debug] [MainThread]: Resource report: {"command_name": "run", "command_success": false, "command_wall_clock_time": 7.265499, "process_in_blocks": "0", "process_kernel_time": 0.737344, "process_mem_max_rss": "289600", "process_out_blocks": "4232", "process_user_time": 9.953914}
[0m20:25:13.347847 [debug] [MainThread]: Command `dbt run` failed at 20:25:13.347701 after 7.27 seconds
[0m20:25:13.348427 [debug] [MainThread]: Sending event: {'category': 'dbt', 'action': 'invocation', 'label': 'end', 'context': [<snowplow_tracker.self_describing_json.SelfDescribingJson object at 0x760ad25b7f50>, <snowplow_tracker.self_describing_json.SelfDescribingJson object at 0x760aeb0e4bf0>, <snowplow_tracker.self_describing_json.SelfDescribingJson object at 0x760ad0080bf0>]}
[0m20:25:13.348933 [debug] [MainThread]: Flushing usage events
[0m20:25:13.990348 [debug] [MainThread]: An error was encountered while trying to flush usage events
[0m20:26:14.310942 [debug] [MainThread]: Sending event: {'category': 'dbt', 'action': 'invocation', 'label': 'start', 'context': [<snowplow_tracker.self_describing_json.SelfDescribingJson object at 0x797c400f23c0>, <snowplow_tracker.self_describing_json.SelfDescribingJson object at 0x797c4207ca50>, <snowplow_tracker.self_describing_json.SelfDescribingJson object at 0x797c3e8c3890>]}


============================== 20:26:14.316661 | f092b83d-8455-40ca-8c19-a4705c34492c ==============================
[0m20:26:14.316661 [info ] [MainThread]: Running with dbt=1.12.5
[0m20:26:14.317863 [debug] [MainThread]: running dbt with arguments {'printer_width': '80', 'target_path': 'None', 'indirect_selection': 'eager', 'log_format': 'default', 'maximum_seed_size_mib': '1', 'empty': 'False', 'partial_parse': 'True', 'version_check': 'True', 'profiles_dir': '/home/astro/.dbt', 'static_parser': 'True', 'cache_selected_only': 'False', 'write_json': 'True', 'use_colors': 'True', 'quiet': 'False', 'no_print': 'None', 'use_experimental_parser': 'False', 'introspect': 'True', 'invocation_command': 'dbt run --select gold --profiles-dir /home/astro/.dbt', 'warn_error': 'None', 'fail_fast': 'False', 'debug': 'False', 'warn_error_options': 'WarnErrorOptionsV2(error=[], warn=[], silence=[])', 'hints_enabled': 'True', 'send_anonymous_usage_stats': 'True', 'log_cache_events': 'False', 'log_path': '/usr/local/airflow/include/projeto_dw/logs'}
[0m20:26:18.027816 [debug] [MainThread]: Sending event: {'category': 'dbt', 'action': 'project_id', 'label': 'f092b83d-8455-40ca-8c19-a4705c34492c', 'context': [<snowplow_tracker.self_describing_json.SelfDescribingJson object at 0x797c26f4d0f0>]}
[0m20:26:18.153091 [debug] [MainThread]: Sending event: {'category': 'dbt', 'action': 'adapter_info', 'label': 'f092b83d-8455-40ca-8c19-a4705c34492c', 'context': [<snowplow_tracker.self_describing_json.SelfDescribingJson object at 0x797c420267a0>]}
[0m20:26:18.154928 [info ] [MainThread]: Registered adapter: bigquery=1.12.1
[0m20:26:18.411327 [debug] [MainThread]: checksum: 22bc04b104bea0da067adfb288e6ba424fcb4a4f4349f53ee8805d9c99dc5146, vars: {}, profile: projeto_dw, target: dev, version: 1.12.5
[0m20:26:18.924832 [debug] [MainThread]: Partial parsing enabled: 0 files deleted, 0 files added, 1 files changed.
[0m20:26:18.925869 [debug] [MainThread]: Partial parsing: updated file: projeto_dw://models/gold/fato_vendas.sql
[0m20:26:19.439758 [debug] [MainThread]: Sending event: {'category': 'dbt', 'action': 'load_project', 'label': 'f092b83d-8455-40ca-8c19-a4705c34492c', 'context': [<snowplow_tracker.self_describing_json.SelfDescribingJson object at 0x797c26c8ee50>]}
[0m20:26:19.629038 [debug] [MainThread]: Wrote artifact WritableManifest to /usr/local/airflow/include/projeto_dw/target/manifest.json
[0m20:26:19.636563 [debug] [MainThread]: Wrote artifact SemanticManifest to /usr/local/airflow/include/projeto_dw/target/semantic_manifest.json
[0m20:26:19.719402 [debug] [MainThread]: Wrote artifact OsiDocument to /usr/local/airflow/include/projeto_dw/target/osi_document.json
[0m20:26:19.792528 [debug] [MainThread]: Sending event: {'category': 'dbt', 'action': 'resource_counts', 'label': 'f092b83d-8455-40ca-8c19-a4705c34492c', 'context': [<snowplow_tracker.self_describing_json.SelfDescribingJson object at 0x797c2634f200>]}
[0m20:26:19.793450 [info ] [MainThread]: Found 12 models, 6 sources, 562 macros
[0m20:26:19.794352 [debug] [MainThread]: Sending event: {'category': 'dbt', 'action': 'runnable_timing', 'label': 'f092b83d-8455-40ca-8c19-a4705c34492c', 'context': [<snowplow_tracker.self_describing_json.SelfDescribingJson object at 0x797c26352190>]}
[0m20:26:19.797675 [info ] [MainThread]: 
[0m20:26:19.798520 [info ] [MainThread]: Concurrency: 4 threads (target='dev')
[0m20:26:19.799259 [info ] [MainThread]: 
[0m20:26:19.800807 [debug] [MainThread]: Acquiring new bigquery connection 'master'
[0m20:26:19.808034 [debug] [ThreadPool]: Acquiring new bigquery connection 'list_project-c3b69582-833e-4e2a-88c'
[0m20:26:19.808931 [debug] [ThreadPool]: Opening a new connection, currently in state init
[0m20:26:20.250207 [debug] [ThreadPool]: Re-using an available connection from the pool (formerly list_project-c3b69582-833e-4e2a-88c, now list_project-c3b69582-833e-4e2a-88c_gold)
[0m20:26:20.251303 [debug] [ThreadPool]: Opening a new connection, currently in state closed
[0m20:26:20.252240 [debug] [ThreadPool]: Acquiring new bigquery connection 'list_project-c3b69582-833e-4e2a-88c_silver'
[0m20:26:20.254864 [debug] [ThreadPool]: Opening a new connection, currently in state init
[0m20:26:20.456099 [debug] [MainThread]: Sending event: {'category': 'dbt', 'action': 'runnable_timing', 'label': 'f092b83d-8455-40ca-8c19-a4705c34492c', 'context': [<snowplow_tracker.self_describing_json.SelfDescribingJson object at 0x797c3e8876c0>]}
[0m20:26:20.456903 [debug] [MainThread]: Opening a new connection, currently in state init
[0m20:26:20.464329 [debug] [Thread-5 (]: Began running node model.projeto_dw.fato_metas
[0m20:26:20.465449 [info ] [Thread-5 (]: 4 of 6 START sql view model gold.fato_metas .................................... [RUN]
[0m20:26:20.466956 [debug] [Thread-2 (]: Began running node model.projeto_dw.dim_calendario
[0m20:26:20.467744 [debug] [Thread-4 (]: Began running node model.projeto_dw.dim_produtos
[0m20:26:20.468802 [debug] [Thread-3 (]: Began running node model.projeto_dw.dim_clientes
[0m20:26:20.470087 [debug] [Thread-5 (]: Acquiring new bigquery connection 'model.projeto_dw.fato_metas'
[0m20:26:20.472013 [info ] [Thread-2 (]: 1 of 6 START sql view model gold.dim_calendario ................................ [RUN]
[0m20:26:20.473235 [info ] [Thread-4 (]: 3 of 6 START sql view model gold.dim_produtos .................................. [RUN]
[0m20:26:20.474613 [info ] [Thread-3 (]: 2 of 6 START sql view model gold.dim_clientes .................................. [RUN]
[0m20:26:20.475860 [debug] [Thread-5 (]: Began compiling node model.projeto_dw.fato_metas
[0m20:26:20.477818 [debug] [Thread-2 (]: Re-using an available connection from the pool (formerly list_project-c3b69582-833e-4e2a-88c_gold, now model.projeto_dw.dim_calendario)
[0m20:26:20.479226 [debug] [Thread-4 (]: Acquiring new bigquery connection 'model.projeto_dw.dim_produtos'
[0m20:26:20.479936 [debug] [Thread-3 (]: Re-using an available connection from the pool (formerly list_project-c3b69582-833e-4e2a-88c_silver, now model.projeto_dw.dim_clientes)
[0m20:26:20.490413 [debug] [Thread-5 (]: Writing injected SQL for node "model.projeto_dw.fato_metas"
[0m20:26:20.491464 [debug] [Thread-2 (]: Began compiling node model.projeto_dw.dim_calendario
[0m20:26:20.492550 [debug] [Thread-4 (]: Began compiling node model.projeto_dw.dim_produtos
[0m20:26:20.493572 [debug] [Thread-3 (]: Began compiling node model.projeto_dw.dim_clientes
[0m20:26:20.494979 [debug] [Thread-5 (]: Began executing node model.projeto_dw.fato_metas
[0m20:26:20.497745 [debug] [Thread-2 (]: Writing injected SQL for node "model.projeto_dw.dim_calendario"
[0m20:26:20.502206 [debug] [Thread-4 (]: Writing injected SQL for node "model.projeto_dw.dim_produtos"
[0m20:26:20.507988 [debug] [Thread-3 (]: Writing injected SQL for node "model.projeto_dw.dim_clientes"
[0m20:26:20.516697 [debug] [Thread-2 (]: Began executing node model.projeto_dw.dim_calendario
[0m20:26:20.518383 [debug] [Thread-4 (]: Began executing node model.projeto_dw.dim_produtos
[0m20:26:20.524946 [debug] [Thread-3 (]: Began executing node model.projeto_dw.dim_clientes
[0m20:26:20.641552 [debug] [Thread-5 (]: Writing runtime sql for node "model.projeto_dw.fato_metas"
[0m20:26:20.651376 [debug] [Thread-2 (]: Writing runtime sql for node "model.projeto_dw.dim_calendario"
[0m20:26:20.653062 [debug] [Thread-3 (]: Writing runtime sql for node "model.projeto_dw.dim_clientes"
[0m20:26:20.654896 [debug] [Thread-5 (]: On model.projeto_dw.fato_metas: /* {"app": "dbt", "dbt_version": "1.12.5", "profile_name": "projeto_dw", "target_name": "dev", "node_id": "model.projeto_dw.fato_metas"} */


  create or replace view `project-c3b69582-833e-4e2a-88c`.`gold`.`fato_metas`
  OPTIONS()
  as select
    mes,
    meta_vendas
from `project-c3b69582-833e-4e2a-88c`.`silver`.`stg_metas_vendas`;


[0m20:26:20.656581 [debug] [Thread-2 (]: On model.projeto_dw.dim_calendario: /* {"app": "dbt", "dbt_version": "1.12.5", "profile_name": "projeto_dw", "target_name": "dev", "node_id": "model.projeto_dw.dim_calendario"} */


  create or replace view `project-c3b69582-833e-4e2a-88c`.`gold`.`dim_calendario`
  OPTIONS()
  as select
    data
from unnest(
    generate_date_array(
        date("2026-01-01"),
        current_date()
    )
) as data;


[0m20:26:20.658925 [debug] [Thread-4 (]: Writing runtime sql for node "model.projeto_dw.dim_produtos"
[0m20:26:20.660504 [debug] [Thread-3 (]: On model.projeto_dw.dim_clientes: /* {"app": "dbt", "dbt_version": "1.12.5", "profile_name": "projeto_dw", "target_name": "dev", "node_id": "model.projeto_dw.dim_clientes"} */


  create or replace view `project-c3b69582-833e-4e2a-88c`.`gold`.`dim_clientes`
  OPTIONS()
  as select *
from `project-c3b69582-833e-4e2a-88c`.`silver`.`stg_clientes`;


[0m20:26:20.661764 [debug] [Thread-5 (]: Opening a new connection, currently in state init
[0m20:26:20.662765 [debug] [Thread-2 (]: Opening a new connection, currently in state closed
[0m20:26:20.664373 [debug] [Thread-4 (]: On model.projeto_dw.dim_produtos: /* {"app": "dbt", "dbt_version": "1.12.5", "profile_name": "projeto_dw", "target_name": "dev", "node_id": "model.projeto_dw.dim_produtos"} */


  create or replace view `project-c3b69582-833e-4e2a-88c`.`gold`.`dim_produtos`
  OPTIONS()
  as select *
from `project-c3b69582-833e-4e2a-88c`.`silver`.`stg_produtos`;


[0m20:26:20.665570 [debug] [Thread-3 (]: Opening a new connection, currently in state closed
[0m20:26:20.670805 [debug] [Thread-4 (]: Opening a new connection, currently in state init
[0m20:26:21.096889 [debug] [Thread-2 (]: BigQuery adapter: https://console.cloud.google.com/bigquery?project=project-c3b69582-833e-4e2a-88c&j=bq:southamerica-east1:ef3e0b65-7000-4b01-a9e9-f5df50b71e54&page=queryresults
[0m20:26:21.291057 [debug] [Thread-2 (]: SQL status: OK in 0.193 seconds
[0m20:26:21.415376 [debug] [Thread-5 (]: BigQuery adapter: https://console.cloud.google.com/bigquery?project=project-c3b69582-833e-4e2a-88c&j=bq:southamerica-east1:bf7cff5f-ab97-4401-aebc-3ecda5169493&page=queryresults
[0m20:26:21.417952 [debug] [Thread-2 (]: Sending event: {'category': 'dbt', 'action': 'run_model', 'label': 'f092b83d-8455-40ca-8c19-a4705c34492c', 'context': [<snowplow_tracker.self_describing_json.SelfDescribingJson object at 0x797c2623b590>]}
[0m20:26:21.420692 [info ] [Thread-2 (]: 1 of 6 OK created sql view model gold.dim_calendario ........................... [[32mCREATE VIEW (0 processed)[0m in 0.93s]
[0m20:26:21.422906 [debug] [Thread-2 (]: Finished running node model.projeto_dw.dim_calendario
[0m20:26:21.423792 [debug] [Thread-2 (]: Began running node model.projeto_dw.fato_vendas
[0m20:26:21.425364 [info ] [Thread-2 (]: 5 of 6 START sql view model gold.fato_vendas ................................... [RUN]
[0m20:26:21.426494 [debug] [Thread-2 (]: Re-using an available connection from the pool (formerly model.projeto_dw.dim_calendario, now model.projeto_dw.fato_vendas)
[0m20:26:21.427078 [debug] [Thread-2 (]: Began compiling node model.projeto_dw.fato_vendas
[0m20:26:21.431044 [debug] [Thread-2 (]: Writing injected SQL for node "model.projeto_dw.fato_vendas"
[0m20:26:21.432484 [debug] [Thread-2 (]: Began executing node model.projeto_dw.fato_vendas
[0m20:26:21.436717 [debug] [Thread-2 (]: Writing runtime sql for node "model.projeto_dw.fato_vendas"
[0m20:26:21.438052 [debug] [Thread-2 (]: On model.projeto_dw.fato_vendas: /* {"app": "dbt", "dbt_version": "1.12.5", "profile_name": "projeto_dw", "target_name": "dev", "node_id": "model.projeto_dw.fato_vendas"} */


  create or replace view `project-c3b69582-833e-4e2a-88c`.`gold`.`fato_vendas`
  OPTIONS()
  as select
    i.item_id,
    i.pedido_id,
    p.cliente_id,
    i.produto_id,
    p.data_pedido,
    p.status,
    p.valor_total,
    i.quantidade,
    i.preco_unitario,
    i.valor_item
from `project-c3b69582-833e-4e2a-88c`.`silver`.`stg_itens_pedido` i
inner join `project-c3b69582-833e-4e2a-88c`.`silver`.`stg_pedidos` p
    on i.pedido_id = p.pedido_id;


[0m20:26:21.438913 [debug] [Thread-2 (]: Opening a new connection, currently in state closed
[0m20:26:21.583943 [debug] [Thread-5 (]: SQL status: OK in 0.167 seconds
[0m20:26:21.591620 [debug] [Thread-5 (]: Sending event: {'category': 'dbt', 'action': 'run_model', 'label': 'f092b83d-8455-40ca-8c19-a4705c34492c', 'context': [<snowplow_tracker.self_describing_json.SelfDescribingJson object at 0x797c262a92e0>]}
[0m20:26:21.593774 [info ] [Thread-5 (]: 4 of 6 OK created sql view model gold.fato_metas ............................... [[32mCREATE VIEW (0 processed)[0m in 1.12s]
[0m20:26:21.595218 [debug] [Thread-5 (]: Finished running node model.projeto_dw.fato_metas
[0m20:26:21.652236 [debug] [Thread-3 (]: BigQuery adapter: https://console.cloud.google.com/bigquery?project=project-c3b69582-833e-4e2a-88c&j=bq:southamerica-east1:0ed28737-c3ff-4ec8-9a6f-54cb3703748b&page=queryresults
[0m20:26:21.721232 [debug] [Thread-4 (]: BigQuery adapter: https://console.cloud.google.com/bigquery?project=project-c3b69582-833e-4e2a-88c&j=bq:southamerica-east1:f9322534-c1a6-4575-99a7-18f2eabd16c0&page=queryresults
[0m20:26:21.827633 [debug] [Thread-3 (]: SQL status: OK in 0.174 seconds
[0m20:26:21.833447 [debug] [Thread-3 (]: Sending event: {'category': 'dbt', 'action': 'run_model', 'label': 'f092b83d-8455-40ca-8c19-a4705c34492c', 'context': [<snowplow_tracker.self_describing_json.SelfDescribingJson object at 0x797c26299ef0>]}
[0m20:26:21.835380 [info ] [Thread-3 (]: 2 of 6 OK created sql view model gold.dim_clientes ............................. [[32mCREATE VIEW (0 processed)[0m in 1.35s]
[0m20:26:21.837471 [debug] [Thread-3 (]: Finished running node model.projeto_dw.dim_clientes
[0m20:26:21.922753 [debug] [Thread-4 (]: SQL status: OK in 0.201 seconds
[0m20:26:21.930886 [debug] [Thread-4 (]: Sending event: {'category': 'dbt', 'action': 'run_model', 'label': 'f092b83d-8455-40ca-8c19-a4705c34492c', 'context': [<snowplow_tracker.self_describing_json.SelfDescribingJson object at 0x797c263d1c50>]}
[0m20:26:21.932261 [info ] [Thread-4 (]: 3 of 6 OK created sql view model gold.dim_produtos ............................. [[32mCREATE VIEW (0 processed)[0m in 1.45s]
[0m20:26:21.933779 [debug] [Thread-4 (]: Finished running node model.projeto_dw.dim_produtos
[0m20:26:22.451216 [debug] [Thread-2 (]: BigQuery adapter: https://console.cloud.google.com/bigquery?project=project-c3b69582-833e-4e2a-88c&j=bq:southamerica-east1:c6e18b64-846c-46ad-94d2-1dde701f2d77&page=queryresults
[0m20:26:22.528837 [error] [Thread-2 (]: BigQuery adapter: https://console.cloud.google.com/bigquery?project=project-c3b69582-833e-4e2a-88c&j=bq:southamerica-east1:c6e18b64-846c-46ad-94d2-1dde701f2d77&page=queryresults
[0m20:26:22.554935 [debug] [Thread-2 (]: Database Error in model fato_vendas (models/gold/fato_vendas.sql)
  Name valor_item not found inside i at [16:7]
  compiled code at target/run/projeto_dw/models/gold/fato_vendas.sql
[0m20:26:22.556227 [debug] [Thread-2 (]: Sending event: {'category': 'dbt', 'action': 'run_model', 'label': 'f092b83d-8455-40ca-8c19-a4705c34492c', 'context': [<snowplow_tracker.self_describing_json.SelfDescribingJson object at 0x797c0dd8dcc0>]}
[0m20:26:22.558277 [error] [Thread-2 (]: 5 of 6 ERROR creating sql view model gold.fato_vendas .......................... [[31mERROR[0m in 1.13s]
[0m20:26:22.559781 [debug] [Thread-2 (]: Finished running node model.projeto_dw.fato_vendas
[0m20:26:22.561302 [debug] [Thread-8 (]: Marking all children of 'model.projeto_dw.fato_vendas' to be skipped because of status 'error'.  Reason: Database Error in model fato_vendas (models/gold/fato_vendas.sql)
  Name valor_item not found inside i at [16:7]
  compiled code at target/run/projeto_dw/models/gold/fato_vendas.sql.
[0m20:26:22.566357 [debug] [Thread-5 (]: Began running node model.projeto_dw.kpi_mensal
[0m20:26:22.567901 [info ] [Thread-5 (]: 6 of 6 SKIP relation gold.kpi_mensal ........................................... [[33mSKIP[0m]
[0m20:26:22.569051 [debug] [Thread-5 (]: Finished running node model.projeto_dw.kpi_mensal
[0m20:26:22.574416 [debug] [MainThread]: Opening a new connection, currently in state closed
[0m20:26:22.577056 [debug] [MainThread]: Connection 'master' was properly closed.
[0m20:26:22.578270 [debug] [MainThread]: Connection 'model.projeto_dw.fato_vendas' was properly closed.
[0m20:26:22.578950 [debug] [MainThread]: Connection 'model.projeto_dw.dim_clientes' was properly closed.
[0m20:26:22.579575 [debug] [MainThread]: Connection 'model.projeto_dw.fato_metas' was properly closed.
[0m20:26:22.580250 [debug] [MainThread]: Connection 'model.projeto_dw.dim_produtos' was properly closed.
[0m20:26:22.581096 [info ] [MainThread]: 
[0m20:26:22.582372 [info ] [MainThread]: Finished running 6 view models in 0 hours 0 minutes and 2.78 seconds (2.78s).
[0m20:26:22.585873 [debug] [MainThread]: Command end result
[0m20:26:22.694521 [debug] [MainThread]: Wrote artifact WritableManifest to /usr/local/airflow/include/projeto_dw/target/manifest.json
[0m20:26:22.699984 [debug] [MainThread]: Wrote artifact SemanticManifest to /usr/local/airflow/include/projeto_dw/target/semantic_manifest.json
[0m20:26:22.704623 [debug] [MainThread]: Wrote artifact OsiDocument to /usr/local/airflow/include/projeto_dw/target/osi_document.json
[0m20:26:22.718240 [debug] [MainThread]: Wrote artifact RunExecutionResult to /usr/local/airflow/include/projeto_dw/target/run_results.json
[0m20:26:22.718872 [info ] [MainThread]: 
[0m20:26:22.719941 [info ] [MainThread]: [31mCompleted with 1 error, 0 partial successes, and 0 warnings:[0m
[0m20:26:22.720945 [info ] [MainThread]: 
[0m20:26:22.722028 [error] [MainThread]: [[31mERROR[0m]: in model fato_vendas (models/gold/fato_vendas.sql)
[0m20:26:22.723032 [error] [MainThread]:   Database Error in model fato_vendas (models/gold/fato_vendas.sql)
  Name valor_item not found inside i at [16:7]
  compiled code at target/run/projeto_dw/models/gold/fato_vendas.sql
[0m20:26:22.723869 [info ] [MainThread]: 
[0m20:26:22.724766 [info ] [MainThread]:   compiled code at target/compiled/projeto_dw/models/gold/fato_vendas.sql
[0m20:26:22.725485 [info ] [MainThread]: 
[0m20:26:22.726278 [info ] [MainThread]: Done. PASS=4 WARN=0 ERROR=1 SKIP=1 NO-OP=0 REUSED=0 TOTAL=6
[0m20:26:22.727764 [debug] [MainThread]: Resource report: {"command_name": "run", "command_success": false, "command_wall_clock_time": 8.552453, "process_in_blocks": "1552", "process_kernel_time": 1.196216, "process_mem_max_rss": "289628", "process_out_blocks": "4232", "process_user_time": 10.81589}
[0m20:26:22.728599 [debug] [MainThread]: Command `dbt run` failed at 20:26:22.728432 after 8.55 seconds
[0m20:26:22.729265 [debug] [MainThread]: Sending event: {'category': 'dbt', 'action': 'invocation', 'label': 'end', 'context': [<snowplow_tracker.self_describing_json.SelfDescribingJson object at 0x797c26c63d70>, <snowplow_tracker.self_describing_json.SelfDescribingJson object at 0x797c3e897fb0>, <snowplow_tracker.self_describing_json.SelfDescribingJson object at 0x797c0dea4050>]}
[0m20:26:22.729824 [debug] [MainThread]: Flushing usage events
[0m20:26:23.373325 [debug] [MainThread]: An error was encountered while trying to flush usage events
[0m20:27:03.305945 [debug] [MainThread]: Sending event: {'category': 'dbt', 'action': 'invocation', 'label': 'start', 'context': [<snowplow_tracker.self_describing_json.SelfDescribingJson object at 0x79a36ab463c0>, <snowplow_tracker.self_describing_json.SelfDescribingJson object at 0x79a36cac8a50>, <snowplow_tracker.self_describing_json.SelfDescribingJson object at 0x79a369313890>]}


============================== 20:27:03.311459 | 06ca94be-b0ac-48ff-b12d-1a3e4247ce82 ==============================
[0m20:27:03.311459 [info ] [MainThread]: Running with dbt=1.12.5
[0m20:27:03.312655 [debug] [MainThread]: running dbt with arguments {'hints_enabled': 'True', 'debug': 'False', 'log_path': '/usr/local/airflow/include/projeto_dw/logs', 'write_json': 'True', 'indirect_selection': 'eager', 'use_experimental_parser': 'False', 'cache_selected_only': 'False', 'send_anonymous_usage_stats': 'True', 'invocation_command': 'dbt run --select stg_itens_pedido --profiles-dir /home/astro/.dbt', 'static_parser': 'True', 'no_print': 'None', 'printer_width': '80', 'use_colors': 'True', 'maximum_seed_size_mib': '1', 'quiet': 'False', 'version_check': 'True', 'warn_error': 'None', 'target_path': 'None', 'warn_error_options': 'WarnErrorOptionsV2(error=[], warn=[], silence=[])', 'log_cache_events': 'False', 'profiles_dir': '/home/astro/.dbt', 'log_format': 'default', 'fail_fast': 'False', 'partial_parse': 'True', 'empty': 'False', 'introspect': 'True'}
[0m20:27:06.663692 [debug] [MainThread]: Sending event: {'category': 'dbt', 'action': 'project_id', 'label': '06ca94be-b0ac-48ff-b12d-1a3e4247ce82', 'context': [<snowplow_tracker.self_describing_json.SelfDescribingJson object at 0x79a35199d0f0>]}
[0m20:27:06.782993 [debug] [MainThread]: Sending event: {'category': 'dbt', 'action': 'adapter_info', 'label': '06ca94be-b0ac-48ff-b12d-1a3e4247ce82', 'context': [<snowplow_tracker.self_describing_json.SelfDescribingJson object at 0x79a36ca6e7a0>]}
[0m20:27:06.784334 [info ] [MainThread]: Registered adapter: bigquery=1.12.1
[0m20:27:06.977831 [debug] [MainThread]: checksum: 22bc04b104bea0da067adfb288e6ba424fcb4a4f4349f53ee8805d9c99dc5146, vars: {}, profile: projeto_dw, target: dev, version: 1.12.5
[0m20:27:07.363648 [debug] [MainThread]: Partial parsing enabled: 0 files deleted, 0 files added, 0 files changed.
[0m20:27:07.364283 [debug] [MainThread]: Nothing changed, skipping partial parsing.
[0m20:27:07.364670 [debug] [MainThread]: Partial parsing enabled, no changes found, skipping parsing
[0m20:27:07.380295 [debug] [MainThread]: Sending event: {'category': 'dbt', 'action': 'load_project', 'label': '06ca94be-b0ac-48ff-b12d-1a3e4247ce82', 'context': [<snowplow_tracker.self_describing_json.SelfDescribingJson object at 0x79a351360950>]}
[0m20:27:07.565756 [debug] [MainThread]: Wrote artifact WritableManifest to /usr/local/airflow/include/projeto_dw/target/manifest.json
[0m20:27:07.569830 [debug] [MainThread]: Wrote artifact SemanticManifest to /usr/local/airflow/include/projeto_dw/target/semantic_manifest.json
[0m20:27:07.622607 [debug] [MainThread]: Wrote artifact OsiDocument to /usr/local/airflow/include/projeto_dw/target/osi_document.json
[0m20:27:07.690224 [debug] [MainThread]: Sending event: {'category': 'dbt', 'action': 'resource_counts', 'label': '06ca94be-b0ac-48ff-b12d-1a3e4247ce82', 'context': [<snowplow_tracker.self_describing_json.SelfDescribingJson object at 0x79a3513d2300>]}
[0m20:27:07.691496 [info ] [MainThread]: Found 12 models, 6 sources, 562 macros
[0m20:27:07.692356 [debug] [MainThread]: Sending event: {'category': 'dbt', 'action': 'runnable_timing', 'label': '06ca94be-b0ac-48ff-b12d-1a3e4247ce82', 'context': [<snowplow_tracker.self_describing_json.SelfDescribingJson object at 0x79a3513e7070>]}
[0m20:27:07.695566 [info ] [MainThread]: 
[0m20:27:07.696318 [info ] [MainThread]: Concurrency: 4 threads (target='dev')
[0m20:27:07.697018 [info ] [MainThread]: 
[0m20:27:07.698812 [debug] [MainThread]: Acquiring new bigquery connection 'master'
[0m20:27:07.700684 [debug] [ThreadPool]: Acquiring new bigquery connection 'list_project-c3b69582-833e-4e2a-88c'
[0m20:27:07.701485 [debug] [ThreadPool]: Opening a new connection, currently in state init
[0m20:27:08.151508 [debug] [ThreadPool]: Re-using an available connection from the pool (formerly list_project-c3b69582-833e-4e2a-88c, now list_project-c3b69582-833e-4e2a-88c_gold)
[0m20:27:08.152505 [debug] [ThreadPool]: Opening a new connection, currently in state closed
[0m20:27:08.153421 [debug] [ThreadPool]: Acquiring new bigquery connection 'list_project-c3b69582-833e-4e2a-88c_silver'
[0m20:27:08.155923 [debug] [ThreadPool]: Opening a new connection, currently in state init
[0m20:27:08.378786 [debug] [MainThread]: Sending event: {'category': 'dbt', 'action': 'runnable_timing', 'label': '06ca94be-b0ac-48ff-b12d-1a3e4247ce82', 'context': [<snowplow_tracker.self_describing_json.SelfDescribingJson object at 0x79a3692d76c0>]}
[0m20:27:08.379570 [debug] [MainThread]: Opening a new connection, currently in state init
[0m20:27:08.384990 [debug] [Thread-2 (]: Began running node model.projeto_dw.stg_itens_pedido
[0m20:27:08.385921 [info ] [Thread-2 (]: 1 of 1 START sql view model silver.stg_itens_pedido ............................ [RUN]
[0m20:27:08.387108 [debug] [Thread-2 (]: Re-using an available connection from the pool (formerly list_project-c3b69582-833e-4e2a-88c_silver, now model.projeto_dw.stg_itens_pedido)
[0m20:27:08.387754 [debug] [Thread-2 (]: Began compiling node model.projeto_dw.stg_itens_pedido
[0m20:27:08.399102 [debug] [Thread-2 (]: Writing injected SQL for node "model.projeto_dw.stg_itens_pedido"
[0m20:27:08.400159 [debug] [Thread-2 (]: Began executing node model.projeto_dw.stg_itens_pedido
[0m20:27:08.441341 [debug] [Thread-2 (]: Writing runtime sql for node "model.projeto_dw.stg_itens_pedido"
[0m20:27:08.442435 [debug] [Thread-2 (]: On model.projeto_dw.stg_itens_pedido: /* {"app": "dbt", "dbt_version": "1.12.5", "profile_name": "projeto_dw", "target_name": "dev", "node_id": "model.projeto_dw.stg_itens_pedido"} */


  create or replace view `project-c3b69582-833e-4e2a-88c`.`silver`.`stg_itens_pedido`
  OPTIONS()
  as select
    item_id,
    pedido_id,
    produto_id,
    quantidade,
    preco_unitario,
    quantidade * preco_unitario as valor_item,
    updated_at
from `project-c3b69582-833e-4e2a-88c`.`bronze`.`itens_pedido`;


[0m20:27:08.443224 [debug] [Thread-2 (]: Opening a new connection, currently in state closed
[0m20:27:08.821538 [debug] [Thread-2 (]: BigQuery adapter: https://console.cloud.google.com/bigquery?project=project-c3b69582-833e-4e2a-88c&j=bq:southamerica-east1:3b9c8186-3187-4ced-9175-e96192fb22be&page=queryresults
[0m20:27:08.947020 [debug] [Thread-2 (]: SQL status: OK in 0.124 seconds
[0m20:27:09.044850 [debug] [Thread-2 (]: Sending event: {'category': 'dbt', 'action': 'run_model', 'label': '06ca94be-b0ac-48ff-b12d-1a3e4247ce82', 'context': [<snowplow_tracker.self_describing_json.SelfDescribingJson object at 0x79a35126ebd0>]}
[0m20:27:09.046198 [info ] [Thread-2 (]: 1 of 1 OK created sql view model silver.stg_itens_pedido ....................... [[32mCREATE VIEW (0 processed)[0m in 0.66s]
[0m20:27:09.047501 [debug] [Thread-2 (]: Finished running node model.projeto_dw.stg_itens_pedido
[0m20:27:09.050197 [debug] [MainThread]: Opening a new connection, currently in state closed
[0m20:27:09.051254 [debug] [MainThread]: Connection 'master' was properly closed.
[0m20:27:09.051720 [debug] [MainThread]: Connection 'list_project-c3b69582-833e-4e2a-88c_gold' was properly closed.
[0m20:27:09.052074 [debug] [MainThread]: Connection 'model.projeto_dw.stg_itens_pedido' was properly closed.
[0m20:27:09.052585 [info ] [MainThread]: 
[0m20:27:09.053262 [info ] [MainThread]: Finished running 1 view model in 0 hours 0 minutes and 1.35 seconds (1.35s).
[0m20:27:09.054573 [debug] [MainThread]: Command end result
[0m20:27:09.110431 [debug] [MainThread]: Wrote artifact WritableManifest to /usr/local/airflow/include/projeto_dw/target/manifest.json
[0m20:27:09.114842 [debug] [MainThread]: Wrote artifact SemanticManifest to /usr/local/airflow/include/projeto_dw/target/semantic_manifest.json
[0m20:27:09.119065 [debug] [MainThread]: Wrote artifact OsiDocument to /usr/local/airflow/include/projeto_dw/target/osi_document.json
[0m20:27:09.133862 [debug] [MainThread]: Wrote artifact RunExecutionResult to /usr/local/airflow/include/projeto_dw/target/run_results.json
[0m20:27:09.134926 [info ] [MainThread]: 
[0m20:27:09.135788 [info ] [MainThread]: [32mCompleted successfully[0m
[0m20:27:09.136486 [info ] [MainThread]: 
[0m20:27:09.137186 [info ] [MainThread]: Done. PASS=1 WARN=0 ERROR=0 SKIP=0 NO-OP=0 REUSED=0 TOTAL=1
[0m20:27:09.138428 [debug] [MainThread]: Resource report: {"command_name": "run", "command_success": true, "command_wall_clock_time": 5.9700933, "process_in_blocks": "0", "process_kernel_time": 0.764219, "process_mem_max_rss": "281508", "process_out_blocks": "2840", "process_user_time": 9.539375}
[0m20:27:09.139350 [debug] [MainThread]: Command `dbt run` succeeded at 20:27:09.139149 after 5.97 seconds
[0m20:27:09.140060 [debug] [MainThread]: Sending event: {'category': 'dbt', 'action': 'invocation', 'label': 'end', 'context': [<snowplow_tracker.self_describing_json.SelfDescribingJson object at 0x79a3512801b0>, <snowplow_tracker.self_describing_json.SelfDescribingJson object at 0x79a36dc7b610>, <snowplow_tracker.self_describing_json.SelfDescribingJson object at 0x79a348f4c690>]}
[0m20:27:09.140818 [debug] [MainThread]: Flushing usage events
[0m20:27:09.658299 [debug] [MainThread]: An error was encountered while trying to flush usage events
[0m20:27:37.870398 [debug] [MainThread]: Sending event: {'category': 'dbt', 'action': 'invocation', 'label': 'start', 'context': [<snowplow_tracker.self_describing_json.SelfDescribingJson object at 0x7be14d89e3c0>, <snowplow_tracker.self_describing_json.SelfDescribingJson object at 0x7be14f7b4a50>, <snowplow_tracker.self_describing_json.SelfDescribingJson object at 0x7be14c06f890>]}


============================== 20:27:37.875370 | 45b21725-0b7e-4bc2-98cf-374c0b9a34cf ==============================
[0m20:27:37.875370 [info ] [MainThread]: Running with dbt=1.12.5
[0m20:27:37.876708 [debug] [MainThread]: running dbt with arguments {'indirect_selection': 'eager', 'profiles_dir': '/home/astro/.dbt', 'introspect': 'True', 'hints_enabled': 'True', 'partial_parse': 'True', 'use_experimental_parser': 'False', 'printer_width': '80', 'warn_error_options': 'WarnErrorOptionsV2(error=[], warn=[], silence=[])', 'log_format': 'default', 'log_cache_events': 'False', 'empty': 'False', 'debug': 'False', 'use_colors': 'True', 'static_parser': 'True', 'quiet': 'False', 'target_path': 'None', 'no_print': 'None', 'maximum_seed_size_mib': '1', 'invocation_command': 'dbt run --select gold --profiles-dir /home/astro/.dbt', 'version_check': 'True', 'cache_selected_only': 'False', 'warn_error': 'None', 'send_anonymous_usage_stats': 'True', 'write_json': 'True', 'log_path': '/usr/local/airflow/include/projeto_dw/logs', 'fail_fast': 'False'}
[0m20:27:41.030521 [debug] [MainThread]: Sending event: {'category': 'dbt', 'action': 'project_id', 'label': '45b21725-0b7e-4bc2-98cf-374c0b9a34cf', 'context': [<snowplow_tracker.self_describing_json.SelfDescribingJson object at 0x7be1386990f0>]}
[0m20:27:41.140176 [debug] [MainThread]: Sending event: {'category': 'dbt', 'action': 'adapter_info', 'label': '45b21725-0b7e-4bc2-98cf-374c0b9a34cf', 'context': [<snowplow_tracker.self_describing_json.SelfDescribingJson object at 0x7be14f75e7a0>]}
[0m20:27:41.141432 [info ] [MainThread]: Registered adapter: bigquery=1.12.1
[0m20:27:41.328724 [debug] [MainThread]: checksum: 22bc04b104bea0da067adfb288e6ba424fcb4a4f4349f53ee8805d9c99dc5146, vars: {}, profile: projeto_dw, target: dev, version: 1.12.5
[0m20:27:41.722550 [debug] [MainThread]: Partial parsing enabled: 0 files deleted, 0 files added, 0 files changed.
[0m20:27:41.723175 [debug] [MainThread]: Nothing changed, skipping partial parsing.
[0m20:27:41.723567 [debug] [MainThread]: Partial parsing enabled, no changes found, skipping parsing
[0m20:27:41.738328 [debug] [MainThread]: Sending event: {'category': 'dbt', 'action': 'load_project', 'label': '45b21725-0b7e-4bc2-98cf-374c0b9a34cf', 'context': [<snowplow_tracker.self_describing_json.SelfDescribingJson object at 0x7be138050950>]}
[0m20:27:41.965938 [debug] [MainThread]: Wrote artifact WritableManifest to /usr/local/airflow/include/projeto_dw/target/manifest.json
[0m20:27:41.972152 [debug] [MainThread]: Wrote artifact SemanticManifest to /usr/local/airflow/include/projeto_dw/target/semantic_manifest.json
[0m20:27:42.047668 [debug] [MainThread]: Wrote artifact OsiDocument to /usr/local/airflow/include/projeto_dw/target/osi_document.json
[0m20:27:42.137101 [debug] [MainThread]: Sending event: {'category': 'dbt', 'action': 'resource_counts', 'label': '45b21725-0b7e-4bc2-98cf-374c0b9a34cf', 'context': [<snowplow_tracker.self_describing_json.SelfDescribingJson object at 0x7be1380ca300>]}
[0m20:27:42.138215 [info ] [MainThread]: Found 12 models, 6 sources, 562 macros
[0m20:27:42.139259 [debug] [MainThread]: Sending event: {'category': 'dbt', 'action': 'runnable_timing', 'label': '45b21725-0b7e-4bc2-98cf-374c0b9a34cf', 'context': [<snowplow_tracker.self_describing_json.SelfDescribingJson object at 0x7be1380df070>]}
[0m20:27:42.143593 [info ] [MainThread]: 
[0m20:27:42.144435 [info ] [MainThread]: Concurrency: 4 threads (target='dev')
[0m20:27:42.145077 [info ] [MainThread]: 
[0m20:27:42.146200 [debug] [MainThread]: Acquiring new bigquery connection 'master'
[0m20:27:42.155459 [debug] [ThreadPool]: Acquiring new bigquery connection 'list_project-c3b69582-833e-4e2a-88c'
[0m20:27:42.156483 [debug] [ThreadPool]: Opening a new connection, currently in state init
[0m20:27:42.614508 [debug] [ThreadPool]: Re-using an available connection from the pool (formerly list_project-c3b69582-833e-4e2a-88c, now list_project-c3b69582-833e-4e2a-88c_gold)
[0m20:27:42.615533 [debug] [ThreadPool]: Opening a new connection, currently in state closed
[0m20:27:42.616465 [debug] [ThreadPool]: Acquiring new bigquery connection 'list_project-c3b69582-833e-4e2a-88c_silver'
[0m20:27:42.619079 [debug] [ThreadPool]: Opening a new connection, currently in state init
[0m20:27:42.853112 [debug] [MainThread]: Sending event: {'category': 'dbt', 'action': 'runnable_timing', 'label': '45b21725-0b7e-4bc2-98cf-374c0b9a34cf', 'context': [<snowplow_tracker.self_describing_json.SelfDescribingJson object at 0x7be14c0336c0>]}
[0m20:27:42.853908 [debug] [MainThread]: Opening a new connection, currently in state init
[0m20:27:42.859042 [debug] [Thread-5 (]: Began running node model.projeto_dw.fato_metas
[0m20:27:42.861278 [info ] [Thread-5 (]: 4 of 6 START sql view model gold.fato_metas .................................... [RUN]
[0m20:27:42.862108 [debug] [Thread-4 (]: Began running node model.projeto_dw.dim_produtos
[0m20:27:42.863470 [debug] [Thread-2 (]: Began running node model.projeto_dw.dim_calendario
[0m20:27:42.864369 [debug] [Thread-5 (]: Acquiring new bigquery connection 'model.projeto_dw.fato_metas'
[0m20:27:42.860325 [debug] [Thread-3 (]: Began running node model.projeto_dw.dim_clientes
[0m20:27:42.866112 [info ] [Thread-2 (]: 1 of 6 START sql view model gold.dim_calendario ................................ [RUN]
[0m20:27:42.866997 [debug] [Thread-5 (]: Began compiling node model.projeto_dw.fato_metas
[0m20:27:42.865337 [info ] [Thread-4 (]: 3 of 6 START sql view model gold.dim_produtos .................................. [RUN]
[0m20:27:42.869024 [debug] [Thread-2 (]: Re-using an available connection from the pool (formerly list_project-c3b69582-833e-4e2a-88c_silver, now model.projeto_dw.dim_calendario)
[0m20:27:42.867982 [info ] [Thread-3 (]: 2 of 6 START sql view model gold.dim_clientes .................................. [RUN]
[0m20:27:42.875706 [debug] [Thread-4 (]: Acquiring new bigquery connection 'model.projeto_dw.dim_produtos'
[0m20:27:42.882561 [debug] [Thread-5 (]: Writing injected SQL for node "model.projeto_dw.fato_metas"
[0m20:27:42.883458 [debug] [Thread-2 (]: Began compiling node model.projeto_dw.dim_calendario
[0m20:27:42.886845 [debug] [Thread-2 (]: Writing injected SQL for node "model.projeto_dw.dim_calendario"
[0m20:27:42.884972 [debug] [Thread-4 (]: Began compiling node model.projeto_dw.dim_produtos
[0m20:27:42.884297 [debug] [Thread-3 (]: Re-using an available connection from the pool (formerly list_project-c3b69582-833e-4e2a-88c_gold, now model.projeto_dw.dim_clientes)
[0m20:27:42.891312 [debug] [Thread-4 (]: Writing injected SQL for node "model.projeto_dw.dim_produtos"
[0m20:27:42.892013 [debug] [Thread-5 (]: Began executing node model.projeto_dw.fato_metas
[0m20:27:42.892723 [debug] [Thread-2 (]: Began executing node model.projeto_dw.dim_calendario
[0m20:27:42.893321 [debug] [Thread-3 (]: Began compiling node model.projeto_dw.dim_clientes
[0m20:27:42.959546 [debug] [Thread-3 (]: Writing injected SQL for node "model.projeto_dw.dim_clientes"
[0m20:27:42.964967 [debug] [Thread-5 (]: Writing runtime sql for node "model.projeto_dw.fato_metas"
[0m20:27:42.966632 [debug] [Thread-4 (]: Began executing node model.projeto_dw.dim_produtos
[0m20:27:42.965867 [debug] [Thread-2 (]: Writing runtime sql for node "model.projeto_dw.dim_calendario"
[0m20:27:42.970488 [debug] [Thread-4 (]: Writing runtime sql for node "model.projeto_dw.dim_produtos"
[0m20:27:42.972007 [debug] [Thread-3 (]: Began executing node model.projeto_dw.dim_clientes
[0m20:27:42.975027 [debug] [Thread-3 (]: Writing runtime sql for node "model.projeto_dw.dim_clientes"
[0m20:27:42.976034 [debug] [Thread-2 (]: On model.projeto_dw.dim_calendario: /* {"app": "dbt", "dbt_version": "1.12.5", "profile_name": "projeto_dw", "target_name": "dev", "node_id": "model.projeto_dw.dim_calendario"} */


  create or replace view `project-c3b69582-833e-4e2a-88c`.`gold`.`dim_calendario`
  OPTIONS()
  as select
    data
from unnest(
    generate_date_array(
        date("2026-01-01"),
        current_date()
    )
) as data;


[0m20:27:42.976989 [debug] [Thread-2 (]: Opening a new connection, currently in state closed
[0m20:27:42.978759 [debug] [Thread-5 (]: On model.projeto_dw.fato_metas: /* {"app": "dbt", "dbt_version": "1.12.5", "profile_name": "projeto_dw", "target_name": "dev", "node_id": "model.projeto_dw.fato_metas"} */


  create or replace view `project-c3b69582-833e-4e2a-88c`.`gold`.`fato_metas`
  OPTIONS()
  as select
    mes,
    meta_vendas
from `project-c3b69582-833e-4e2a-88c`.`silver`.`stg_metas_vendas`;


[0m20:27:42.983234 [debug] [Thread-5 (]: Opening a new connection, currently in state init
[0m20:27:42.982373 [debug] [Thread-3 (]: On model.projeto_dw.dim_clientes: /* {"app": "dbt", "dbt_version": "1.12.5", "profile_name": "projeto_dw", "target_name": "dev", "node_id": "model.projeto_dw.dim_clientes"} */


  create or replace view `project-c3b69582-833e-4e2a-88c`.`gold`.`dim_clientes`
  OPTIONS()
  as select *
from `project-c3b69582-833e-4e2a-88c`.`silver`.`stg_clientes`;


[0m20:27:42.980707 [debug] [Thread-4 (]: On model.projeto_dw.dim_produtos: /* {"app": "dbt", "dbt_version": "1.12.5", "profile_name": "projeto_dw", "target_name": "dev", "node_id": "model.projeto_dw.dim_produtos"} */


  create or replace view `project-c3b69582-833e-4e2a-88c`.`gold`.`dim_produtos`
  OPTIONS()
  as select *
from `project-c3b69582-833e-4e2a-88c`.`silver`.`stg_produtos`;


[0m20:27:42.987796 [debug] [Thread-4 (]: Opening a new connection, currently in state init
[0m20:27:42.986933 [debug] [Thread-3 (]: Opening a new connection, currently in state closed
[0m20:27:43.336523 [debug] [Thread-2 (]: BigQuery adapter: https://console.cloud.google.com/bigquery?project=project-c3b69582-833e-4e2a-88c&j=bq:southamerica-east1:1861038a-15a3-4693-8916-75bb7ed1ef51&page=queryresults
[0m20:27:43.511348 [debug] [Thread-2 (]: SQL status: OK in 0.174 seconds
[0m20:27:43.594265 [debug] [Thread-2 (]: Sending event: {'category': 'dbt', 'action': 'run_model', 'label': '45b21725-0b7e-4bc2-98cf-374c0b9a34cf', 'context': [<snowplow_tracker.self_describing_json.SelfDescribingJson object at 0x7be133f47a10>]}
[0m20:27:43.595396 [info ] [Thread-2 (]: 1 of 6 OK created sql view model gold.dim_calendario ........................... [[32mCREATE VIEW (0 processed)[0m in 0.72s]
[0m20:27:43.596794 [debug] [Thread-2 (]: Finished running node model.projeto_dw.dim_calendario
[0m20:27:43.597548 [debug] [Thread-2 (]: Began running node model.projeto_dw.fato_vendas
[0m20:27:43.598324 [info ] [Thread-2 (]: 5 of 6 START sql view model gold.fato_vendas ................................... [RUN]
[0m20:27:43.599370 [debug] [Thread-2 (]: Re-using an available connection from the pool (formerly model.projeto_dw.dim_calendario, now model.projeto_dw.fato_vendas)
[0m20:27:43.600084 [debug] [Thread-2 (]: Began compiling node model.projeto_dw.fato_vendas
[0m20:27:43.603324 [debug] [Thread-2 (]: Writing injected SQL for node "model.projeto_dw.fato_vendas"
[0m20:27:43.604716 [debug] [Thread-2 (]: Began executing node model.projeto_dw.fato_vendas
[0m20:27:43.607620 [debug] [Thread-2 (]: Writing runtime sql for node "model.projeto_dw.fato_vendas"
[0m20:27:43.608601 [debug] [Thread-2 (]: On model.projeto_dw.fato_vendas: /* {"app": "dbt", "dbt_version": "1.12.5", "profile_name": "projeto_dw", "target_name": "dev", "node_id": "model.projeto_dw.fato_vendas"} */


  create or replace view `project-c3b69582-833e-4e2a-88c`.`gold`.`fato_vendas`
  OPTIONS()
  as select
    i.item_id,
    i.pedido_id,
    p.cliente_id,
    i.produto_id,
    p.data_pedido,
    p.status,
    p.valor_total,
    i.quantidade,
    i.preco_unitario,
    i.valor_item
from `project-c3b69582-833e-4e2a-88c`.`silver`.`stg_itens_pedido` i
inner join `project-c3b69582-833e-4e2a-88c`.`silver`.`stg_pedidos` p
    on i.pedido_id = p.pedido_id;


[0m20:27:43.609319 [debug] [Thread-2 (]: Opening a new connection, currently in state closed
[0m20:27:43.638983 [debug] [Thread-3 (]: BigQuery adapter: https://console.cloud.google.com/bigquery?project=project-c3b69582-833e-4e2a-88c&j=bq:southamerica-east1:fc367598-1452-4a66-93a2-7095931d7c73&page=queryresults
[0m20:27:43.642491 [debug] [Thread-4 (]: BigQuery adapter: https://console.cloud.google.com/bigquery?project=project-c3b69582-833e-4e2a-88c&j=bq:southamerica-east1:7c949959-51cd-4f8f-95f8-d618a2d5e5e4&page=queryresults
[0m20:27:43.664391 [debug] [Thread-5 (]: BigQuery adapter: https://console.cloud.google.com/bigquery?project=project-c3b69582-833e-4e2a-88c&j=bq:southamerica-east1:6c3e3748-16ad-4bb7-beca-369f270f8115&page=queryresults
[0m20:27:43.748513 [debug] [Thread-4 (]: SQL status: OK in 0.105 seconds
[0m20:27:43.753685 [debug] [Thread-4 (]: Sending event: {'category': 'dbt', 'action': 'run_model', 'label': '45b21725-0b7e-4bc2-98cf-374c0b9a34cf', 'context': [<snowplow_tracker.self_describing_json.SelfDescribingJson object at 0x7be133f87d80>]}
[0m20:27:43.754989 [info ] [Thread-4 (]: 3 of 6 OK created sql view model gold.dim_produtos ............................. [[32mCREATE VIEW (0 processed)[0m in 0.88s]
[0m20:27:43.757792 [debug] [Thread-4 (]: Finished running node model.projeto_dw.dim_produtos
[0m20:27:43.760652 [debug] [Thread-5 (]: SQL status: OK in 0.096 seconds
[0m20:27:43.765673 [debug] [Thread-5 (]: Sending event: {'category': 'dbt', 'action': 'run_model', 'label': '45b21725-0b7e-4bc2-98cf-374c0b9a34cf', 'context': [<snowplow_tracker.self_describing_json.SelfDescribingJson object at 0x7be1305f3070>]}
[0m20:27:43.766872 [info ] [Thread-5 (]: 4 of 6 OK created sql view model gold.fato_metas ............................... [[32mCREATE VIEW (0 processed)[0m in 0.90s]
[0m20:27:43.767920 [debug] [Thread-5 (]: Finished running node model.projeto_dw.fato_metas
[0m20:27:43.785501 [debug] [Thread-3 (]: SQL status: OK in 0.146 seconds
[0m20:27:43.793436 [debug] [Thread-3 (]: Sending event: {'category': 'dbt', 'action': 'run_model', 'label': '45b21725-0b7e-4bc2-98cf-374c0b9a34cf', 'context': [<snowplow_tracker.self_describing_json.SelfDescribingJson object at 0x7be13822a3d0>]}
[0m20:27:43.794914 [info ] [Thread-3 (]: 2 of 6 OK created sql view model gold.dim_clientes ............................. [[32mCREATE VIEW (0 processed)[0m in 0.91s]
[0m20:27:43.796390 [debug] [Thread-3 (]: Finished running node model.projeto_dw.dim_clientes
[0m20:27:44.301404 [debug] [Thread-2 (]: BigQuery adapter: https://console.cloud.google.com/bigquery?project=project-c3b69582-833e-4e2a-88c&j=bq:southamerica-east1:575eff83-a0bb-4cee-ac10-188833812ed8&page=queryresults
[0m20:27:44.418024 [debug] [Thread-2 (]: SQL status: OK in 0.116 seconds
[0m20:27:44.425239 [debug] [Thread-2 (]: Sending event: {'category': 'dbt', 'action': 'run_model', 'label': '45b21725-0b7e-4bc2-98cf-374c0b9a34cf', 'context': [<snowplow_tracker.self_describing_json.SelfDescribingJson object at 0x7be133f05be0>]}
[0m20:27:44.426683 [info ] [Thread-2 (]: 5 of 6 OK created sql view model gold.fato_vendas .............................. [[32mCREATE VIEW (0 processed)[0m in 0.83s]
[0m20:27:44.427949 [debug] [Thread-2 (]: Finished running node model.projeto_dw.fato_vendas
[0m20:27:44.430594 [debug] [Thread-4 (]: Began running node model.projeto_dw.kpi_mensal
[0m20:27:44.431639 [info ] [Thread-4 (]: 6 of 6 START sql view model gold.kpi_mensal .................................... [RUN]
[0m20:27:44.432747 [debug] [Thread-4 (]: Re-using an available connection from the pool (formerly model.projeto_dw.dim_produtos, now model.projeto_dw.kpi_mensal)
[0m20:27:44.433679 [debug] [Thread-4 (]: Began compiling node model.projeto_dw.kpi_mensal
[0m20:27:44.438347 [debug] [Thread-4 (]: Writing injected SQL for node "model.projeto_dw.kpi_mensal"
[0m20:27:44.439550 [debug] [Thread-4 (]: Began executing node model.projeto_dw.kpi_mensal
[0m20:27:44.444196 [debug] [Thread-4 (]: Writing runtime sql for node "model.projeto_dw.kpi_mensal"
[0m20:27:44.445307 [debug] [Thread-4 (]: On model.projeto_dw.kpi_mensal: /* {"app": "dbt", "dbt_version": "1.12.5", "profile_name": "projeto_dw", "target_name": "dev", "node_id": "model.projeto_dw.kpi_mensal"} */


  create or replace view `project-c3b69582-833e-4e2a-88c`.`gold`.`kpi_mensal`
  OPTIONS()
  as with vendas as (
    select
        date_trunc(data_pedido, month) as mes,
        count(distinct pedido_id) as pedidos,
        count(distinct cliente_id) as clientes,
        sum(valor_item) as faturamento,
        sum(quantidade) as itens_vendidos
    from `project-c3b69582-833e-4e2a-88c`.`gold`.`fato_vendas`
    group by 1
),
metas as (
    select
        parse_date("%Y-%m", mes) as mes,
        meta_vendas
    from `project-c3b69582-833e-4e2a-88c`.`gold`.`fato_metas`
)
select
    v.mes,
    v.pedidos,
    v.clientes,
    v.faturamento,
    v.itens_vendidos,
    m.meta_vendas,
    safe_divide(v.faturamento, m.meta_vendas) as percentual_meta,
    safe_divide(v.faturamento, v.pedidos) as ticket_medio
from vendas v
left join metas m
    on v.mes = m.mes;


[0m20:27:44.446006 [debug] [Thread-4 (]: Opening a new connection, currently in state closed
[0m20:27:45.146598 [debug] [Thread-4 (]: BigQuery adapter: https://console.cloud.google.com/bigquery?project=project-c3b69582-833e-4e2a-88c&j=bq:southamerica-east1:7751394d-375e-42b7-9163-da5f8c289517&page=queryresults
[0m20:27:45.232329 [error] [Thread-4 (]: BigQuery adapter: https://console.cloud.google.com/bigquery?project=project-c3b69582-833e-4e2a-88c&j=bq:southamerica-east1:7751394d-375e-42b7-9163-da5f8c289517&page=queryresults
[0m20:27:45.249893 [debug] [Thread-4 (]: Database Error in model kpi_mensal (models/gold/kpi_mensal.sql)
  No matching signature for operator = for argument types: TIMESTAMP, DATE
    Signature: T1 = T1
      Unable to find common supertype for templated argument <T1>
        Input types for <T1>: {DATE, TIMESTAMP} at [33:8]
  compiled code at target/run/projeto_dw/models/gold/kpi_mensal.sql
[0m20:27:45.250792 [debug] [Thread-4 (]: Sending event: {'category': 'dbt', 'action': 'run_model', 'label': '45b21725-0b7e-4bc2-98cf-374c0b9a34cf', 'context': [<snowplow_tracker.self_describing_json.SelfDescribingJson object at 0x7be1303673b0>]}
[0m20:27:45.252088 [error] [Thread-4 (]: 6 of 6 ERROR creating sql view model gold.kpi_mensal ........................... [[31mERROR[0m in 0.82s]
[0m20:27:45.253532 [debug] [Thread-4 (]: Finished running node model.projeto_dw.kpi_mensal
[0m20:27:45.254505 [debug] [Thread-8 (]: Marking all children of 'model.projeto_dw.kpi_mensal' to be skipped because of status 'error'.  Reason: Database Error in model kpi_mensal (models/gold/kpi_mensal.sql)
  No matching signature for operator = for argument types: TIMESTAMP, DATE
    Signature: T1 = T1
      Unable to find common supertype for templated argument <T1>
        Input types for <T1>: {DATE, TIMESTAMP} at [33:8]
  compiled code at target/run/projeto_dw/models/gold/kpi_mensal.sql.
[0m20:27:45.259241 [debug] [MainThread]: Opening a new connection, currently in state closed
[0m20:27:45.260368 [debug] [MainThread]: Connection 'master' was properly closed.
[0m20:27:45.260839 [debug] [MainThread]: Connection 'model.projeto_dw.dim_clientes' was properly closed.
[0m20:27:45.261259 [debug] [MainThread]: Connection 'model.projeto_dw.fato_vendas' was properly closed.
[0m20:27:45.261673 [debug] [MainThread]: Connection 'model.projeto_dw.fato_metas' was properly closed.
[0m20:27:45.262005 [debug] [MainThread]: Connection 'model.projeto_dw.kpi_mensal' was properly closed.
[0m20:27:45.262596 [info ] [MainThread]: 
[0m20:27:45.263115 [info ] [MainThread]: Finished running 6 view models in 0 hours 0 minutes and 3.12 seconds (3.12s).
[0m20:27:45.265607 [debug] [MainThread]: Command end result
[0m20:27:45.320345 [debug] [MainThread]: Wrote artifact WritableManifest to /usr/local/airflow/include/projeto_dw/target/manifest.json
[0m20:27:45.325671 [debug] [MainThread]: Wrote artifact SemanticManifest to /usr/local/airflow/include/projeto_dw/target/semantic_manifest.json
[0m20:27:45.331674 [debug] [MainThread]: Wrote artifact OsiDocument to /usr/local/airflow/include/projeto_dw/target/osi_document.json
[0m20:27:45.344405 [debug] [MainThread]: Wrote artifact RunExecutionResult to /usr/local/airflow/include/projeto_dw/target/run_results.json
[0m20:27:45.344966 [info ] [MainThread]: 
[0m20:27:45.345680 [info ] [MainThread]: [31mCompleted with 1 error, 0 partial successes, and 0 warnings:[0m
[0m20:27:45.346469 [info ] [MainThread]: 
[0m20:27:45.347319 [error] [MainThread]: [[31mERROR[0m]: in model kpi_mensal (models/gold/kpi_mensal.sql)
[0m20:27:45.348042 [error] [MainThread]:   Database Error in model kpi_mensal (models/gold/kpi_mensal.sql)
  No matching signature for operator = for argument types: TIMESTAMP, DATE
    Signature: T1 = T1
      Unable to find common supertype for templated argument <T1>
        Input types for <T1>: {DATE, TIMESTAMP} at [33:8]
  compiled code at target/run/projeto_dw/models/gold/kpi_mensal.sql
[0m20:27:45.348697 [info ] [MainThread]: 
[0m20:27:45.349524 [info ] [MainThread]:   compiled code at target/compiled/projeto_dw/models/gold/kpi_mensal.sql
[0m20:27:45.350168 [info ] [MainThread]: 
[0m20:27:45.350836 [info ] [MainThread]: Done. PASS=5 WARN=0 ERROR=1 SKIP=0 NO-OP=0 REUSED=0 TOTAL=6
[0m20:27:45.352649 [debug] [MainThread]: Resource report: {"command_name": "run", "command_success": false, "command_wall_clock_time": 7.6127877, "process_in_blocks": "0", "process_kernel_time": 0.717557, "process_mem_max_rss": "284856", "process_out_blocks": "2968", "process_user_time": 9.236766}
[0m20:27:45.353406 [debug] [MainThread]: Command `dbt run` failed at 20:27:45.353259 after 7.61 seconds
[0m20:27:45.353934 [debug] [MainThread]: Sending event: {'category': 'dbt', 'action': 'invocation', 'label': 'end', 'context': [<snowplow_tracker.self_describing_json.SelfDescribingJson object at 0x7be1383d7d70>, <snowplow_tracker.self_describing_json.SelfDescribingJson object at 0x7be14cdae210>, <snowplow_tracker.self_describing_json.SelfDescribingJson object at 0x7be133f94290>]}
[0m20:27:45.354472 [debug] [MainThread]: Flushing usage events
[0m20:27:45.987029 [debug] [MainThread]: An error was encountered while trying to flush usage events
[0m20:29:39.028457 [debug] [MainThread]: Sending event: {'category': 'dbt', 'action': 'invocation', 'label': 'start', 'context': [<snowplow_tracker.self_describing_json.SelfDescribingJson object at 0x7dde1886e3c0>, <snowplow_tracker.self_describing_json.SelfDescribingJson object at 0x7dde1a77ca50>, <snowplow_tracker.self_describing_json.SelfDescribingJson object at 0x7dde17033890>]}


============================== 20:29:39.033758 | acabe05d-781e-4f9d-8882-16a67acbaa5d ==============================
[0m20:29:39.033758 [info ] [MainThread]: Running with dbt=1.12.5
[0m20:29:39.034969 [debug] [MainThread]: running dbt with arguments {'invocation_command': 'dbt run --select kpi_mensal --profiles-dir /home/astro/.dbt', 'debug': 'False', 'static_parser': 'True', 'log_cache_events': 'False', 'log_format': 'default', 'introspect': 'True', 'use_colors': 'True', 'profiles_dir': '/home/astro/.dbt', 'empty': 'False', 'send_anonymous_usage_stats': 'True', 'printer_width': '80', 'hints_enabled': 'True', 'fail_fast': 'False', 'maximum_seed_size_mib': '1', 'use_experimental_parser': 'False', 'quiet': 'False', 'indirect_selection': 'eager', 'partial_parse': 'True', 'write_json': 'True', 'target_path': 'None', 'warn_error_options': 'WarnErrorOptionsV2(error=[], warn=[], silence=[])', 'cache_selected_only': 'False', 'version_check': 'True', 'log_path': '/usr/local/airflow/include/projeto_dw/logs', 'warn_error': 'None', 'no_print': 'None'}
[0m20:29:42.225521 [debug] [MainThread]: Sending event: {'category': 'dbt', 'action': 'project_id', 'label': 'acabe05d-781e-4f9d-8882-16a67acbaa5d', 'context': [<snowplow_tracker.self_describing_json.SelfDescribingJson object at 0x7dddff64d0f0>]}
[0m20:29:42.328310 [debug] [MainThread]: Sending event: {'category': 'dbt', 'action': 'adapter_info', 'label': 'acabe05d-781e-4f9d-8882-16a67acbaa5d', 'context': [<snowplow_tracker.self_describing_json.SelfDescribingJson object at 0x7dde1a7267a0>]}
[0m20:29:42.329763 [info ] [MainThread]: Registered adapter: bigquery=1.12.1
[0m20:29:42.516185 [debug] [MainThread]: checksum: 22bc04b104bea0da067adfb288e6ba424fcb4a4f4349f53ee8805d9c99dc5146, vars: {}, profile: projeto_dw, target: dev, version: 1.12.5
[0m20:29:42.902675 [debug] [MainThread]: Partial parsing enabled: 0 files deleted, 0 files added, 1 files changed.
[0m20:29:42.903986 [debug] [MainThread]: Partial parsing: updated file: projeto_dw://models/gold/kpi_mensal.sql
[0m20:29:43.403225 [debug] [MainThread]: Sending event: {'category': 'dbt', 'action': 'load_project', 'label': 'acabe05d-781e-4f9d-8882-16a67acbaa5d', 'context': [<snowplow_tracker.self_describing_json.SelfDescribingJson object at 0x7dddff3ba450>]}
[0m20:29:43.539170 [debug] [MainThread]: Wrote artifact WritableManifest to /usr/local/airflow/include/projeto_dw/target/manifest.json
[0m20:29:43.543621 [debug] [MainThread]: Wrote artifact SemanticManifest to /usr/local/airflow/include/projeto_dw/target/semantic_manifest.json
[0m20:29:43.594580 [debug] [MainThread]: Wrote artifact OsiDocument to /usr/local/airflow/include/projeto_dw/target/osi_document.json
[0m20:29:43.658376 [debug] [MainThread]: Sending event: {'category': 'dbt', 'action': 'resource_counts', 'label': 'acabe05d-781e-4f9d-8882-16a67acbaa5d', 'context': [<snowplow_tracker.self_describing_json.SelfDescribingJson object at 0x7dddfea373e0>]}
[0m20:29:43.659402 [info ] [MainThread]: Found 12 models, 6 sources, 562 macros
[0m20:29:43.660208 [debug] [MainThread]: Sending event: {'category': 'dbt', 'action': 'runnable_timing', 'label': 'acabe05d-781e-4f9d-8882-16a67acbaa5d', 'context': [<snowplow_tracker.self_describing_json.SelfDescribingJson object at 0x7dddfea8a350>]}
[0m20:29:43.664075 [info ] [MainThread]: 
[0m20:29:43.664933 [info ] [MainThread]: Concurrency: 4 threads (target='dev')
[0m20:29:43.665566 [info ] [MainThread]: 
[0m20:29:43.666662 [debug] [MainThread]: Acquiring new bigquery connection 'master'
[0m20:29:43.668950 [debug] [ThreadPool]: Acquiring new bigquery connection 'list_project-c3b69582-833e-4e2a-88c'
[0m20:29:43.669949 [debug] [ThreadPool]: Opening a new connection, currently in state init
[0m20:29:44.108623 [debug] [ThreadPool]: Re-using an available connection from the pool (formerly list_project-c3b69582-833e-4e2a-88c, now list_project-c3b69582-833e-4e2a-88c_silver)
[0m20:29:44.109683 [debug] [ThreadPool]: Opening a new connection, currently in state closed
[0m20:29:44.110548 [debug] [ThreadPool]: Acquiring new bigquery connection 'list_project-c3b69582-833e-4e2a-88c_gold'
[0m20:29:44.113165 [debug] [ThreadPool]: Opening a new connection, currently in state init
[0m20:29:44.318380 [debug] [MainThread]: Sending event: {'category': 'dbt', 'action': 'runnable_timing', 'label': 'acabe05d-781e-4f9d-8882-16a67acbaa5d', 'context': [<snowplow_tracker.self_describing_json.SelfDescribingJson object at 0x7dde16ff76c0>]}
[0m20:29:44.319100 [debug] [MainThread]: Opening a new connection, currently in state init
[0m20:29:44.324552 [debug] [Thread-2 (]: Began running node model.projeto_dw.kpi_mensal
[0m20:29:44.325511 [info ] [Thread-2 (]: 1 of 1 START sql view model gold.kpi_mensal .................................... [RUN]
[0m20:29:44.326472 [debug] [Thread-2 (]: Re-using an available connection from the pool (formerly list_project-c3b69582-833e-4e2a-88c_silver, now model.projeto_dw.kpi_mensal)
[0m20:29:44.327196 [debug] [Thread-2 (]: Began compiling node model.projeto_dw.kpi_mensal
[0m20:29:44.335516 [debug] [Thread-2 (]: Writing injected SQL for node "model.projeto_dw.kpi_mensal"
[0m20:29:44.336460 [debug] [Thread-2 (]: Began executing node model.projeto_dw.kpi_mensal
[0m20:29:44.377006 [debug] [Thread-2 (]: Writing runtime sql for node "model.projeto_dw.kpi_mensal"
[0m20:29:44.378154 [debug] [Thread-2 (]: On model.projeto_dw.kpi_mensal: /* {"app": "dbt", "dbt_version": "1.12.5", "profile_name": "projeto_dw", "target_name": "dev", "node_id": "model.projeto_dw.kpi_mensal"} */


  create or replace view `project-c3b69582-833e-4e2a-88c`.`gold`.`kpi_mensal`
  OPTIONS()
  as with vendas as (
    select
        date(date_trunc(data_pedido, month)) as mes,
        count(distinct pedido_id) as pedidos,
        count(distinct cliente_id) as clientes,
        sum(valor_item) as faturamento,
        sum(quantidade) as itens_vendidos
    from `project-c3b69582-833e-4e2a-88c`.`gold`.`fato_vendas`
    group by 1
),
metas as (
    select
        parse_date("%Y-%m", mes) as mes,
        meta_vendas
    from `project-c3b69582-833e-4e2a-88c`.`gold`.`fato_metas`
)
select
    v.mes,
    v.pedidos,
    v.clientes,
    v.faturamento,
    v.itens_vendidos,
    m.meta_vendas,
    safe_divide(v.faturamento, m.meta_vendas) as percentual_meta,
    safe_divide(v.faturamento, v.pedidos) as ticket_medio
from vendas v
left join metas m
    on v.mes = m.mes;


[0m20:29:44.378899 [debug] [Thread-2 (]: Opening a new connection, currently in state closed
[0m20:29:45.071536 [debug] [Thread-2 (]: BigQuery adapter: https://console.cloud.google.com/bigquery?project=project-c3b69582-833e-4e2a-88c&j=bq:southamerica-east1:46e13420-b4ec-43ff-ac3e-993d3fe357b1&page=queryresults
[0m20:29:45.249271 [debug] [Thread-2 (]: SQL status: OK in 0.177 seconds
[0m20:29:45.334015 [debug] [Thread-2 (]: Sending event: {'category': 'dbt', 'action': 'run_model', 'label': 'acabe05d-781e-4f9d-8882-16a67acbaa5d', 'context': [<snowplow_tracker.self_describing_json.SelfDescribingJson object at 0x7dddfe96b050>]}
[0m20:29:45.335350 [info ] [Thread-2 (]: 1 of 1 OK created sql view model gold.kpi_mensal ............................... [[32mCREATE VIEW (0 processed)[0m in 1.01s]
[0m20:29:45.337245 [debug] [Thread-2 (]: Finished running node model.projeto_dw.kpi_mensal
[0m20:29:45.340067 [debug] [MainThread]: Opening a new connection, currently in state closed
[0m20:29:45.341304 [debug] [MainThread]: Connection 'master' was properly closed.
[0m20:29:45.341799 [debug] [MainThread]: Connection 'model.projeto_dw.kpi_mensal' was properly closed.
[0m20:29:45.342264 [debug] [MainThread]: Connection 'list_project-c3b69582-833e-4e2a-88c_gold' was properly closed.
[0m20:29:45.342736 [info ] [MainThread]: 
[0m20:29:45.343402 [info ] [MainThread]: Finished running 1 view model in 0 hours 0 minutes and 1.68 seconds (1.68s).
[0m20:29:45.345290 [debug] [MainThread]: Command end result
[0m20:29:45.395965 [debug] [MainThread]: Wrote artifact WritableManifest to /usr/local/airflow/include/projeto_dw/target/manifest.json
[0m20:29:45.400427 [debug] [MainThread]: Wrote artifact SemanticManifest to /usr/local/airflow/include/projeto_dw/target/semantic_manifest.json
[0m20:29:45.404658 [debug] [MainThread]: Wrote artifact OsiDocument to /usr/local/airflow/include/projeto_dw/target/osi_document.json
[0m20:29:45.414787 [debug] [MainThread]: Wrote artifact RunExecutionResult to /usr/local/airflow/include/projeto_dw/target/run_results.json
[0m20:29:45.415466 [info ] [MainThread]: 
[0m20:29:45.416356 [info ] [MainThread]: [32mCompleted successfully[0m
[0m20:29:45.417224 [info ] [MainThread]: 
[0m20:29:45.418083 [info ] [MainThread]: Done. PASS=1 WARN=0 ERROR=0 SKIP=0 NO-OP=0 REUSED=0 TOTAL=1
[0m20:29:45.419370 [debug] [MainThread]: Resource report: {"command_name": "run", "command_success": true, "command_wall_clock_time": 6.540859, "process_in_blocks": "0", "process_kernel_time": 0.735435, "process_mem_max_rss": "286524", "process_out_blocks": "4144", "process_user_time": 9.284096}
[0m20:29:45.420038 [debug] [MainThread]: Command `dbt run` succeeded at 20:29:45.419884 after 6.54 seconds
[0m20:29:45.420635 [debug] [MainThread]: Sending event: {'category': 'dbt', 'action': 'invocation', 'label': 'end', 'context': [<snowplow_tracker.self_describing_json.SelfDescribingJson object at 0x7dddfe936d00>, <snowplow_tracker.self_describing_json.SelfDescribingJson object at 0x7dddfea6b390>, <snowplow_tracker.self_describing_json.SelfDescribingJson object at 0x7dddfea6a5d0>]}
[0m20:29:45.421192 [debug] [MainThread]: Flushing usage events
[0m20:29:45.938556 [debug] [MainThread]: An error was encountered while trying to flush usage events
[0m20:30:38.947692 [debug] [MainThread]: Sending event: {'category': 'dbt', 'action': 'invocation', 'label': 'start', 'context': [<snowplow_tracker.self_describing_json.SelfDescribingJson object at 0x7e3289e8e3c0>, <snowplow_tracker.self_describing_json.SelfDescribingJson object at 0x7e328be28a50>, <snowplow_tracker.self_describing_json.SelfDescribingJson object at 0x7e3288763890>]}


============================== 20:30:38.952645 | bc7d158c-6741-4801-ab45-89008e93a46e ==============================
[0m20:30:38.952645 [info ] [MainThread]: Running with dbt=1.12.5
[0m20:30:38.953755 [debug] [MainThread]: running dbt with arguments {'profiles_dir': '/home/astro/.dbt', 'write_json': 'True', 'invocation_command': 'dbt test --profiles-dir /home/astro/.dbt', 'indirect_selection': 'eager', 'use_colors': 'True', 'target_path': 'None', 'fail_fast': 'False', 'introspect': 'True', 'printer_width': '80', 'empty': 'None', 'warn_error_options': 'WarnErrorOptionsV2(error=[], warn=[], silence=[])', 'debug': 'False', 'use_experimental_parser': 'False', 'static_parser': 'True', 'maximum_seed_size_mib': '1', 'partial_parse': 'True', 'log_path': '/usr/local/airflow/include/projeto_dw/logs', 'version_check': 'True', 'no_print': 'None', 'hints_enabled': 'True', 'quiet': 'False', 'send_anonymous_usage_stats': 'True', 'cache_selected_only': 'False', 'warn_error': 'None', 'log_cache_events': 'False', 'log_format': 'default'}
[0m20:30:42.133881 [debug] [MainThread]: Sending event: {'category': 'dbt', 'action': 'project_id', 'label': 'bc7d158c-6741-4801-ab45-89008e93a46e', 'context': [<snowplow_tracker.self_describing_json.SelfDescribingJson object at 0x7e3270d050f0>]}
[0m20:30:42.237310 [debug] [MainThread]: Sending event: {'category': 'dbt', 'action': 'adapter_info', 'label': 'bc7d158c-6741-4801-ab45-89008e93a46e', 'context': [<snowplow_tracker.self_describing_json.SelfDescribingJson object at 0x7e328bdce7a0>]}
[0m20:30:42.238595 [info ] [MainThread]: Registered adapter: bigquery=1.12.1
[0m20:30:42.431457 [debug] [MainThread]: checksum: 22bc04b104bea0da067adfb288e6ba424fcb4a4f4349f53ee8805d9c99dc5146, vars: {}, profile: projeto_dw, target: dev, version: 1.12.5
[0m20:30:42.826597 [debug] [MainThread]: Partial parsing enabled: 0 files deleted, 1 files added, 0 files changed.
[0m20:30:42.827595 [debug] [MainThread]: Partial parsing: added file: projeto_dw://models/gold/schema.yml
[0m20:30:43.393289 [warn ] [MainThread]: [[33mWARNING[0m][MissingArgumentsPropertyInGenericTestDeprecation]: Deprecated
functionality
Found top-level arguments to test `relationships` defined on 'fato_vendas' in
package 'projeto_dw' (models/gold/schema.yml). Arguments to generic tests should
be nested under the `arguments` property.
[0m20:30:43.394167 [debug] [MainThread]: Sending event: {'category': 'dbt', 'action': 'deprecation', 'label': 'bc7d158c-6741-4801-ab45-89008e93a46e', 'property_': 'warn', 'context': [<snowplow_tracker.self_describing_json.SelfDescribingJson object at 0x7e3270a6af50>]}
[0m20:30:43.560879 [debug] [MainThread]: Sending event: {'category': 'dbt', 'action': 'load_project', 'label': 'bc7d158c-6741-4801-ab45-89008e93a46e', 'context': [<snowplow_tracker.self_describing_json.SelfDescribingJson object at 0x7e3270502120>]}
[0m20:30:43.762663 [debug] [MainThread]: Wrote artifact WritableManifest to /usr/local/airflow/include/projeto_dw/target/manifest.json
[0m20:30:43.766950 [debug] [MainThread]: Wrote artifact SemanticManifest to /usr/local/airflow/include/projeto_dw/target/semantic_manifest.json
[0m20:30:43.817533 [debug] [MainThread]: Wrote artifact OsiDocument to /usr/local/airflow/include/projeto_dw/target/osi_document.json
[0m20:30:44.137820 [debug] [MainThread]: Sending event: {'category': 'dbt', 'action': 'resource_counts', 'label': 'bc7d158c-6741-4801-ab45-89008e93a46e', 'context': [<snowplow_tracker.self_describing_json.SelfDescribingJson object at 0x7e3270153bd0>]}
[0m20:30:44.138732 [info ] [MainThread]: Found 12 models, 18 data tests, 6 sources, 562 macros
[0m20:30:44.139403 [debug] [MainThread]: Sending event: {'category': 'dbt', 'action': 'runnable_timing', 'label': 'bc7d158c-6741-4801-ab45-89008e93a46e', 'context': [<snowplow_tracker.self_describing_json.SelfDescribingJson object at 0x7e326f9c17e0>]}
[0m20:30:44.143773 [info ] [MainThread]: 
[0m20:30:44.144511 [info ] [MainThread]: Concurrency: 4 threads (target='dev')
[0m20:30:44.145175 [info ] [MainThread]: 
[0m20:30:44.146311 [debug] [MainThread]: Acquiring new bigquery connection 'master'
[0m20:30:44.153003 [debug] [ThreadPool]: Acquiring new bigquery connection 'list_project-c3b69582-833e-4e2a-88c_silver'
[0m20:30:44.153980 [debug] [ThreadPool]: Opening a new connection, currently in state init
[0m20:30:44.154895 [debug] [ThreadPool]: Acquiring new bigquery connection 'list_project-c3b69582-833e-4e2a-88c_gold'
[0m20:30:44.156047 [debug] [ThreadPool]: Opening a new connection, currently in state init
[0m20:30:44.462088 [debug] [MainThread]: Sending event: {'category': 'dbt', 'action': 'runnable_timing', 'label': 'bc7d158c-6741-4801-ab45-89008e93a46e', 'context': [<snowplow_tracker.self_describing_json.SelfDescribingJson object at 0x7e3270177e90>]}
[0m20:30:44.462890 [debug] [MainThread]: Opening a new connection, currently in state init
[0m20:30:44.468539 [debug] [Thread-6 (]: Began running node test.projeto_dw.not_null_fato_metas_mes.c7a9316b90
[0m20:30:44.469709 [debug] [Thread-3 (]: Began running node test.projeto_dw.not_null_dim_calendario_data.cbad0deb11
[0m20:30:44.470499 [debug] [Thread-5 (]: Began running node test.projeto_dw.not_null_dim_produtos_produto_id.397f08245f
[0m20:30:44.471569 [debug] [Thread-4 (]: Began running node test.projeto_dw.not_null_dim_clientes_cliente_id.72dd473286
[0m20:30:44.472275 [info ] [Thread-6 (]: 4 of 18 START test not_null_fato_metas_mes ..................................... [RUN]
[0m20:30:44.473108 [info ] [Thread-3 (]: 1 of 18 START test not_null_dim_calendario_data ................................ [RUN]
[0m20:30:44.473944 [info ] [Thread-5 (]: 3 of 18 START test not_null_dim_produtos_produto_id ............................ [RUN]
[0m20:30:44.474763 [info ] [Thread-4 (]: 2 of 18 START test not_null_dim_clientes_cliente_id ............................ [RUN]
[0m20:30:44.475938 [debug] [Thread-6 (]: Acquiring new bigquery connection 'test.projeto_dw.not_null_fato_metas_mes.c7a9316b90'
[0m20:30:44.476779 [debug] [Thread-3 (]: Re-using an available connection from the pool (formerly list_project-c3b69582-833e-4e2a-88c_silver, now test.projeto_dw.not_null_dim_calendario_data.cbad0deb11)
[0m20:30:44.477606 [debug] [Thread-5 (]: Acquiring new bigquery connection 'test.projeto_dw.not_null_dim_produtos_produto_id.397f08245f'
[0m20:30:44.478321 [debug] [Thread-4 (]: Re-using an available connection from the pool (formerly list_project-c3b69582-833e-4e2a-88c_gold, now test.projeto_dw.not_null_dim_clientes_cliente_id.72dd473286)
[0m20:30:44.478993 [debug] [Thread-6 (]: Began compiling node test.projeto_dw.not_null_fato_metas_mes.c7a9316b90
[0m20:30:44.479621 [debug] [Thread-3 (]: Began compiling node test.projeto_dw.not_null_dim_calendario_data.cbad0deb11
[0m20:30:44.480280 [debug] [Thread-5 (]: Began compiling node test.projeto_dw.not_null_dim_produtos_produto_id.397f08245f
[0m20:30:44.480862 [debug] [Thread-4 (]: Began compiling node test.projeto_dw.not_null_dim_clientes_cliente_id.72dd473286
[0m20:30:44.511282 [debug] [Thread-3 (]: Writing injected SQL for node "test.projeto_dw.not_null_dim_calendario_data.cbad0deb11"
[0m20:30:44.507163 [debug] [Thread-6 (]: Writing injected SQL for node "test.projeto_dw.not_null_fato_metas_mes.c7a9316b90"
[0m20:30:44.521456 [debug] [Thread-5 (]: Writing injected SQL for node "test.projeto_dw.not_null_dim_produtos_produto_id.397f08245f"
[0m20:30:44.530611 [debug] [Thread-4 (]: Writing injected SQL for node "test.projeto_dw.not_null_dim_clientes_cliente_id.72dd473286"
[0m20:30:44.532408 [debug] [Thread-6 (]: Began executing node test.projeto_dw.not_null_fato_metas_mes.c7a9316b90
[0m20:30:44.538438 [debug] [Thread-5 (]: Began executing node test.projeto_dw.not_null_dim_produtos_produto_id.397f08245f
[0m20:30:44.565503 [debug] [Thread-4 (]: Began executing node test.projeto_dw.not_null_dim_clientes_cliente_id.72dd473286
[0m20:30:44.587739 [debug] [Thread-6 (]: Writing runtime sql for node "test.projeto_dw.not_null_fato_metas_mes.c7a9316b90"
[0m20:30:44.588526 [debug] [Thread-3 (]: Began executing node test.projeto_dw.not_null_dim_calendario_data.cbad0deb11
[0m20:30:44.589909 [debug] [Thread-5 (]: Writing runtime sql for node "test.projeto_dw.not_null_dim_produtos_produto_id.397f08245f"
[0m20:30:44.593938 [debug] [Thread-4 (]: Writing runtime sql for node "test.projeto_dw.not_null_dim_clientes_cliente_id.72dd473286"
[0m20:30:44.596643 [debug] [Thread-3 (]: Writing runtime sql for node "test.projeto_dw.not_null_dim_calendario_data.cbad0deb11"
[0m20:30:44.597922 [debug] [Thread-5 (]: On test.projeto_dw.not_null_dim_produtos_produto_id.397f08245f: /* {"app": "dbt", "dbt_version": "1.12.5", "profile_name": "projeto_dw", "target_name": "dev", "node_id": "test.projeto_dw.not_null_dim_produtos_produto_id.397f08245f"} */

    
    select
      count(*) as failures,
      count(*) != 0 as should_warn,
      count(*) != 0 as should_error
    from (
      
    
  
    
    



select produto_id
from `project-c3b69582-833e-4e2a-88c`.`gold`.`dim_produtos`
where produto_id is null



  
  
      
    ) dbt_internal_test
[0m20:30:44.599904 [debug] [Thread-5 (]: Opening a new connection, currently in state init
[0m20:30:44.598683 [debug] [Thread-6 (]: On test.projeto_dw.not_null_fato_metas_mes.c7a9316b90: /* {"app": "dbt", "dbt_version": "1.12.5", "profile_name": "projeto_dw", "target_name": "dev", "node_id": "test.projeto_dw.not_null_fato_metas_mes.c7a9316b90"} */

    
    select
      count(*) as failures,
      count(*) != 0 as should_warn,
      count(*) != 0 as should_error
    from (
      
    
  
    
    



select mes
from `project-c3b69582-833e-4e2a-88c`.`gold`.`fato_metas`
where mes is null



  
  
      
    ) dbt_internal_test
[0m20:30:44.601769 [debug] [Thread-6 (]: Opening a new connection, currently in state init
[0m20:30:44.604577 [debug] [Thread-3 (]: On test.projeto_dw.not_null_dim_calendario_data.cbad0deb11: /* {"app": "dbt", "dbt_version": "1.12.5", "profile_name": "projeto_dw", "target_name": "dev", "node_id": "test.projeto_dw.not_null_dim_calendario_data.cbad0deb11"} */

    
    select
      count(*) as failures,
      count(*) != 0 as should_warn,
      count(*) != 0 as should_error
    from (
      
    
  
    
    



select data
from `project-c3b69582-833e-4e2a-88c`.`gold`.`dim_calendario`
where data is null



  
  
      
    ) dbt_internal_test
[0m20:30:44.606638 [debug] [Thread-3 (]: Opening a new connection, currently in state closed
[0m20:30:44.605671 [debug] [Thread-4 (]: On test.projeto_dw.not_null_dim_clientes_cliente_id.72dd473286: /* {"app": "dbt", "dbt_version": "1.12.5", "profile_name": "projeto_dw", "target_name": "dev", "node_id": "test.projeto_dw.not_null_dim_clientes_cliente_id.72dd473286"} */

    
    select
      count(*) as failures,
      count(*) != 0 as should_warn,
      count(*) != 0 as should_error
    from (
      
    
  
    
    



select cliente_id
from `project-c3b69582-833e-4e2a-88c`.`gold`.`dim_clientes`
where cliente_id is null



  
  
      
    ) dbt_internal_test
[0m20:30:44.609775 [debug] [Thread-4 (]: Opening a new connection, currently in state closed
[0m20:30:45.190199 [debug] [Thread-3 (]: BigQuery adapter: https://console.cloud.google.com/bigquery?project=project-c3b69582-833e-4e2a-88c&j=bq:southamerica-east1:9ba07d6c-1751-45dd-8dfd-9c92376a1fb1&page=queryresults
[0m20:30:45.279969 [debug] [Thread-3 (]: SQL status: OK in 0.089 seconds
[0m20:30:45.366338 [debug] [Thread-6 (]: BigQuery adapter: https://console.cloud.google.com/bigquery?project=project-c3b69582-833e-4e2a-88c&j=bq:southamerica-east1:59d2ab88-70e2-459a-aa85-10832b5ea01d&page=queryresults
[0m20:30:45.401202 [debug] [Thread-5 (]: BigQuery adapter: https://console.cloud.google.com/bigquery?project=project-c3b69582-833e-4e2a-88c&j=bq:southamerica-east1:7664c722-b6b1-46d4-94f1-10d75b1b32c7&page=queryresults
[0m20:30:45.412818 [debug] [Thread-4 (]: BigQuery adapter: https://console.cloud.google.com/bigquery?project=project-c3b69582-833e-4e2a-88c&j=bq:southamerica-east1:7a343209-1c90-40c4-9b56-3f77865eedf1&page=queryresults
[0m20:30:45.421676 [debug] [Thread-6 (]: SQL status: OK in 0.054 seconds
[0m20:30:45.462118 [debug] [Thread-5 (]: SQL status: OK in 0.060 seconds
[0m20:30:45.474769 [debug] [Thread-4 (]: SQL status: OK in 0.061 seconds
[0m20:30:45.528762 [info ] [Thread-3 (]: 1 of 18 PASS not_null_dim_calendario_data ...................................... [[32mPASS[0m in 1.05s]
[0m20:30:45.530405 [debug] [Thread-3 (]: Finished running node test.projeto_dw.not_null_dim_calendario_data.cbad0deb11
[0m20:30:45.531219 [debug] [Thread-3 (]: Began running node test.projeto_dw.not_null_fato_metas_meta_vendas.75c06fd6b9
[0m20:30:45.533583 [info ] [Thread-3 (]: 5 of 18 START test not_null_fato_metas_meta_vendas ............................. [RUN]
[0m20:30:45.537613 [debug] [Thread-3 (]: Re-using an available connection from the pool (formerly test.projeto_dw.not_null_dim_calendario_data.cbad0deb11, now test.projeto_dw.not_null_fato_metas_meta_vendas.75c06fd6b9)
[0m20:30:45.538920 [debug] [Thread-3 (]: Began compiling node test.projeto_dw.not_null_fato_metas_meta_vendas.75c06fd6b9
[0m20:30:45.554473 [debug] [Thread-3 (]: Writing injected SQL for node "test.projeto_dw.not_null_fato_metas_meta_vendas.75c06fd6b9"
[0m20:30:45.556718 [debug] [Thread-3 (]: Began executing node test.projeto_dw.not_null_fato_metas_meta_vendas.75c06fd6b9
[0m20:30:45.559093 [debug] [Thread-3 (]: Writing runtime sql for node "test.projeto_dw.not_null_fato_metas_meta_vendas.75c06fd6b9"
[0m20:30:45.560081 [debug] [Thread-3 (]: On test.projeto_dw.not_null_fato_metas_meta_vendas.75c06fd6b9: /* {"app": "dbt", "dbt_version": "1.12.5", "profile_name": "projeto_dw", "target_name": "dev", "node_id": "test.projeto_dw.not_null_fato_metas_meta_vendas.75c06fd6b9"} */

    
    select
      count(*) as failures,
      count(*) != 0 as should_warn,
      count(*) != 0 as should_error
    from (
      
    
  
    
    



select meta_vendas
from `project-c3b69582-833e-4e2a-88c`.`gold`.`fato_metas`
where meta_vendas is null



  
  
      
    ) dbt_internal_test
[0m20:30:45.560756 [debug] [Thread-3 (]: Opening a new connection, currently in state closed
[0m20:30:45.618014 [info ] [Thread-4 (]: 2 of 18 PASS not_null_dim_clientes_cliente_id .................................. [[32mPASS[0m in 1.14s]
[0m20:30:45.619410 [debug] [Thread-4 (]: Finished running node test.projeto_dw.not_null_dim_clientes_cliente_id.72dd473286
[0m20:30:45.620098 [debug] [Thread-4 (]: Began running node test.projeto_dw.not_null_fato_vendas_cliente_id.a60a1c8404
[0m20:30:45.620845 [info ] [Thread-4 (]: 6 of 18 START test not_null_fato_vendas_cliente_id ............................. [RUN]
[0m20:30:45.621779 [debug] [Thread-4 (]: Re-using an available connection from the pool (formerly test.projeto_dw.not_null_dim_clientes_cliente_id.72dd473286, now test.projeto_dw.not_null_fato_vendas_cliente_id.a60a1c8404)
[0m20:30:45.622390 [debug] [Thread-4 (]: Began compiling node test.projeto_dw.not_null_fato_vendas_cliente_id.a60a1c8404
[0m20:30:45.632883 [debug] [Thread-4 (]: Writing injected SQL for node "test.projeto_dw.not_null_fato_vendas_cliente_id.a60a1c8404"
[0m20:30:45.634053 [debug] [Thread-4 (]: Began executing node test.projeto_dw.not_null_fato_vendas_cliente_id.a60a1c8404
[0m20:30:45.637430 [debug] [Thread-4 (]: Writing runtime sql for node "test.projeto_dw.not_null_fato_vendas_cliente_id.a60a1c8404"
[0m20:30:45.642669 [info ] [Thread-5 (]: 3 of 18 PASS not_null_dim_produtos_produto_id .................................. [[32mPASS[0m in 1.16s]
[0m20:30:45.644728 [debug] [Thread-5 (]: Finished running node test.projeto_dw.not_null_dim_produtos_produto_id.397f08245f
[0m20:30:45.646661 [debug] [Thread-5 (]: Began running node test.projeto_dw.not_null_fato_vendas_item_id.62387d44bd
[0m20:30:45.645575 [debug] [Thread-4 (]: On test.projeto_dw.not_null_fato_vendas_cliente_id.a60a1c8404: /* {"app": "dbt", "dbt_version": "1.12.5", "profile_name": "projeto_dw", "target_name": "dev", "node_id": "test.projeto_dw.not_null_fato_vendas_cliente_id.a60a1c8404"} */

    
    select
      count(*) as failures,
      count(*) != 0 as should_warn,
      count(*) != 0 as should_error
    from (
      
    
  
    
    



select cliente_id
from `project-c3b69582-833e-4e2a-88c`.`gold`.`fato_vendas`
where cliente_id is null



  
  
      
    ) dbt_internal_test
[0m20:30:45.650666 [debug] [Thread-4 (]: Opening a new connection, currently in state closed
[0m20:30:45.655720 [info ] [Thread-6 (]: 4 of 18 PASS not_null_fato_metas_mes ........................................... [[32mPASS[0m in 1.18s]
[0m20:30:45.648839 [info ] [Thread-5 (]: 7 of 18 START test not_null_fato_vendas_item_id ................................ [RUN]
[0m20:30:45.658672 [debug] [Thread-5 (]: Re-using an available connection from the pool (formerly test.projeto_dw.not_null_dim_produtos_produto_id.397f08245f, now test.projeto_dw.not_null_fato_vendas_item_id.62387d44bd)
[0m20:30:45.659528 [debug] [Thread-5 (]: Began compiling node test.projeto_dw.not_null_fato_vendas_item_id.62387d44bd
[0m20:30:45.657440 [debug] [Thread-6 (]: Finished running node test.projeto_dw.not_null_fato_metas_mes.c7a9316b90
[0m20:30:45.671624 [debug] [Thread-6 (]: Began running node test.projeto_dw.not_null_fato_vendas_pedido_id.93a9235ba0
[0m20:30:45.670444 [debug] [Thread-5 (]: Writing injected SQL for node "test.projeto_dw.not_null_fato_vendas_item_id.62387d44bd"
[0m20:30:45.673856 [debug] [Thread-5 (]: Began executing node test.projeto_dw.not_null_fato_vendas_item_id.62387d44bd
[0m20:30:45.677828 [debug] [Thread-5 (]: Writing runtime sql for node "test.projeto_dw.not_null_fato_vendas_item_id.62387d44bd"
[0m20:30:45.672697 [info ] [Thread-6 (]: 8 of 18 START test not_null_fato_vendas_pedido_id .............................. [RUN]
[0m20:30:45.679391 [debug] [Thread-6 (]: Re-using an available connection from the pool (formerly test.projeto_dw.not_null_fato_metas_mes.c7a9316b90, now test.projeto_dw.not_null_fato_vendas_pedido_id.93a9235ba0)
[0m20:30:45.680250 [debug] [Thread-6 (]: Began compiling node test.projeto_dw.not_null_fato_vendas_pedido_id.93a9235ba0
[0m20:30:45.687007 [debug] [Thread-5 (]: On test.projeto_dw.not_null_fato_vendas_item_id.62387d44bd: /* {"app": "dbt", "dbt_version": "1.12.5", "profile_name": "projeto_dw", "target_name": "dev", "node_id": "test.projeto_dw.not_null_fato_vendas_item_id.62387d44bd"} */

    
    select
      count(*) as failures,
      count(*) != 0 as should_warn,
      count(*) != 0 as should_error
    from (
      
    
  
    
    



select item_id
from `project-c3b69582-833e-4e2a-88c`.`gold`.`fato_vendas`
where item_id is null



  
  
      
    ) dbt_internal_test
[0m20:30:45.693439 [debug] [Thread-5 (]: Opening a new connection, currently in state closed
[0m20:30:45.695043 [debug] [Thread-6 (]: Writing injected SQL for node "test.projeto_dw.not_null_fato_vendas_pedido_id.93a9235ba0"
[0m20:30:45.698179 [debug] [Thread-6 (]: Began executing node test.projeto_dw.not_null_fato_vendas_pedido_id.93a9235ba0
[0m20:30:45.701307 [debug] [Thread-6 (]: Writing runtime sql for node "test.projeto_dw.not_null_fato_vendas_pedido_id.93a9235ba0"
[0m20:30:45.702963 [debug] [Thread-6 (]: On test.projeto_dw.not_null_fato_vendas_pedido_id.93a9235ba0: /* {"app": "dbt", "dbt_version": "1.12.5", "profile_name": "projeto_dw", "target_name": "dev", "node_id": "test.projeto_dw.not_null_fato_vendas_pedido_id.93a9235ba0"} */

    
    select
      count(*) as failures,
      count(*) != 0 as should_warn,
      count(*) != 0 as should_error
    from (
      
    
  
    
    



select pedido_id
from `project-c3b69582-833e-4e2a-88c`.`gold`.`fato_vendas`
where pedido_id is null



  
  
      
    ) dbt_internal_test
[0m20:30:45.703945 [debug] [Thread-6 (]: Opening a new connection, currently in state closed
[0m20:30:46.396638 [debug] [Thread-3 (]: BigQuery adapter: https://console.cloud.google.com/bigquery?project=project-c3b69582-833e-4e2a-88c&j=bq:southamerica-east1:58a87e54-60b1-4364-b466-52f71cef4c70&page=queryresults
[0m20:30:46.444176 [debug] [Thread-3 (]: SQL status: OK in 0.046 seconds
[0m20:30:46.462329 [debug] [Thread-5 (]: BigQuery adapter: https://console.cloud.google.com/bigquery?project=project-c3b69582-833e-4e2a-88c&j=bq:southamerica-east1:3b584526-70a7-411c-9456-295c9bcd95a5&page=queryresults
[0m20:30:46.472074 [debug] [Thread-4 (]: BigQuery adapter: https://console.cloud.google.com/bigquery?project=project-c3b69582-833e-4e2a-88c&j=bq:southamerica-east1:2466a623-e6f9-460a-a02a-2f52b1fc124a&page=queryresults
[0m20:30:46.487049 [debug] [Thread-6 (]: BigQuery adapter: https://console.cloud.google.com/bigquery?project=project-c3b69582-833e-4e2a-88c&j=bq:southamerica-east1:95e8159d-c118-44eb-9e2a-ca7215f7e73a&page=queryresults
[0m20:30:46.533725 [debug] [Thread-6 (]: SQL status: OK in 0.046 seconds
[0m20:30:46.552123 [info ] [Thread-3 (]: 5 of 18 PASS not_null_fato_metas_meta_vendas ................................... [[32mPASS[0m in 1.01s]
[0m20:30:46.553697 [debug] [Thread-3 (]: Finished running node test.projeto_dw.not_null_fato_metas_meta_vendas.75c06fd6b9
[0m20:30:46.555434 [debug] [Thread-3 (]: Began running node test.projeto_dw.not_null_fato_vendas_produto_id.3428e3d730
[0m20:30:46.556383 [info ] [Thread-3 (]: 9 of 18 START test not_null_fato_vendas_produto_id ............................. [RUN]
[0m20:30:46.558034 [debug] [Thread-3 (]: Re-using an available connection from the pool (formerly test.projeto_dw.not_null_fato_metas_meta_vendas.75c06fd6b9, now test.projeto_dw.not_null_fato_vendas_produto_id.3428e3d730)
[0m20:30:46.558898 [debug] [Thread-3 (]: Began compiling node test.projeto_dw.not_null_fato_vendas_produto_id.3428e3d730
[0m20:30:46.573675 [debug] [Thread-3 (]: Writing injected SQL for node "test.projeto_dw.not_null_fato_vendas_produto_id.3428e3d730"
[0m20:30:46.574911 [debug] [Thread-3 (]: Began executing node test.projeto_dw.not_null_fato_vendas_produto_id.3428e3d730
[0m20:30:46.578354 [debug] [Thread-3 (]: Writing runtime sql for node "test.projeto_dw.not_null_fato_vendas_produto_id.3428e3d730"
[0m20:30:46.579700 [debug] [Thread-3 (]: On test.projeto_dw.not_null_fato_vendas_produto_id.3428e3d730: /* {"app": "dbt", "dbt_version": "1.12.5", "profile_name": "projeto_dw", "target_name": "dev", "node_id": "test.projeto_dw.not_null_fato_vendas_produto_id.3428e3d730"} */

    
    select
      count(*) as failures,
      count(*) != 0 as should_warn,
      count(*) != 0 as should_error
    from (
      
    
  
    
    



select produto_id
from `project-c3b69582-833e-4e2a-88c`.`gold`.`fato_vendas`
where produto_id is null



  
  
      
    ) dbt_internal_test
[0m20:30:46.580655 [debug] [Thread-3 (]: Opening a new connection, currently in state closed
[0m20:30:46.628176 [debug] [Thread-5 (]: SQL status: OK in 0.165 seconds
[0m20:30:46.646581 [debug] [Thread-4 (]: SQL status: OK in 0.173 seconds
[0m20:30:46.726311 [info ] [Thread-6 (]: 8 of 18 PASS not_null_fato_vendas_pedido_id .................................... [[32mPASS[0m in 1.05s]
[0m20:30:46.727812 [debug] [Thread-6 (]: Finished running node test.projeto_dw.not_null_fato_vendas_pedido_id.93a9235ba0
[0m20:30:46.728681 [debug] [Thread-6 (]: Began running node test.projeto_dw.not_null_kpi_mensal_mes.e62f8c7db7
[0m20:30:46.729456 [info ] [Thread-6 (]: 10 of 18 START test not_null_kpi_mensal_mes .................................... [RUN]
[0m20:30:46.731697 [debug] [Thread-6 (]: Re-using an available connection from the pool (formerly test.projeto_dw.not_null_fato_vendas_pedido_id.93a9235ba0, now test.projeto_dw.not_null_kpi_mensal_mes.e62f8c7db7)
[0m20:30:46.733567 [debug] [Thread-6 (]: Began compiling node test.projeto_dw.not_null_kpi_mensal_mes.e62f8c7db7
[0m20:30:46.736751 [info ] [Thread-4 (]: 6 of 18 PASS not_null_fato_vendas_cliente_id ................................... [[32mPASS[0m in 1.11s]
[0m20:30:46.748690 [debug] [Thread-4 (]: Finished running node test.projeto_dw.not_null_fato_vendas_cliente_id.a60a1c8404
[0m20:30:46.747640 [debug] [Thread-6 (]: Writing injected SQL for node "test.projeto_dw.not_null_kpi_mensal_mes.e62f8c7db7"
[0m20:30:46.749539 [debug] [Thread-4 (]: Began running node test.projeto_dw.relationships_fato_vendas_cliente_id__cliente_id__ref_dim_clientes_.6fcfaa8d2a
[0m20:30:46.755511 [debug] [Thread-6 (]: Began executing node test.projeto_dw.not_null_kpi_mensal_mes.e62f8c7db7
[0m20:30:46.758809 [debug] [Thread-6 (]: Writing runtime sql for node "test.projeto_dw.not_null_kpi_mensal_mes.e62f8c7db7"
[0m20:30:46.753373 [info ] [Thread-5 (]: 7 of 18 PASS not_null_fato_vendas_item_id ...................................... [[32mPASS[0m in 1.09s]
[0m20:30:46.754664 [info ] [Thread-4 (]: 11 of 18 START test relationships_fato_vendas_cliente_id__cliente_id__ref_dim_clientes_  [RUN]
[0m20:30:46.760974 [debug] [Thread-4 (]: Re-using an available connection from the pool (formerly test.projeto_dw.not_null_fato_vendas_cliente_id.a60a1c8404, now test.projeto_dw.relationships_fato_vendas_cliente_id__cliente_id__ref_dim_clientes_.6fcfaa8d2a)
[0m20:30:46.760049 [debug] [Thread-5 (]: Finished running node test.projeto_dw.not_null_fato_vendas_item_id.62387d44bd
[0m20:30:46.762527 [debug] [Thread-5 (]: Began running node test.projeto_dw.relationships_fato_vendas_produto_id__produto_id__ref_dim_produtos_.3357cad2ed
[0m20:30:46.764002 [debug] [Thread-6 (]: On test.projeto_dw.not_null_kpi_mensal_mes.e62f8c7db7: /* {"app": "dbt", "dbt_version": "1.12.5", "profile_name": "projeto_dw", "target_name": "dev", "node_id": "test.projeto_dw.not_null_kpi_mensal_mes.e62f8c7db7"} */

    
    select
      count(*) as failures,
      count(*) != 0 as should_warn,
      count(*) != 0 as should_error
    from (
      
    
  
    
    



select mes
from `project-c3b69582-833e-4e2a-88c`.`gold`.`kpi_mensal`
where mes is null



  
  
      
    ) dbt_internal_test
[0m20:30:46.765002 [debug] [Thread-6 (]: Opening a new connection, currently in state closed
[0m20:30:46.761787 [debug] [Thread-4 (]: Began compiling node test.projeto_dw.relationships_fato_vendas_cliente_id__cliente_id__ref_dim_clientes_.6fcfaa8d2a
[0m20:30:46.763095 [info ] [Thread-5 (]: 12 of 18 START test relationships_fato_vendas_produto_id__produto_id__ref_dim_produtos_  [RUN]
[0m20:30:46.783104 [debug] [Thread-5 (]: Re-using an available connection from the pool (formerly test.projeto_dw.not_null_fato_vendas_item_id.62387d44bd, now test.projeto_dw.relationships_fato_vendas_produto_id__produto_id__ref_dim_produtos_.3357cad2ed)
[0m20:30:46.784226 [debug] [Thread-5 (]: Began compiling node test.projeto_dw.relationships_fato_vendas_produto_id__produto_id__ref_dim_produtos_.3357cad2ed
[0m20:30:46.809365 [debug] [Thread-4 (]: Writing injected SQL for node "test.projeto_dw.relationships_fato_vendas_cliente_id__cliente_id__ref_dim_clientes_.6fcfaa8d2a"
[0m20:30:46.815803 [debug] [Thread-4 (]: Began executing node test.projeto_dw.relationships_fato_vendas_cliente_id__cliente_id__ref_dim_clientes_.6fcfaa8d2a
[0m20:30:46.819371 [debug] [Thread-4 (]: Writing runtime sql for node "test.projeto_dw.relationships_fato_vendas_cliente_id__cliente_id__ref_dim_clientes_.6fcfaa8d2a"
[0m20:30:46.814365 [debug] [Thread-5 (]: Writing injected SQL for node "test.projeto_dw.relationships_fato_vendas_produto_id__produto_id__ref_dim_produtos_.3357cad2ed"
[0m20:30:46.820811 [debug] [Thread-5 (]: Began executing node test.projeto_dw.relationships_fato_vendas_produto_id__produto_id__ref_dim_produtos_.3357cad2ed
[0m20:30:46.824244 [debug] [Thread-5 (]: Writing runtime sql for node "test.projeto_dw.relationships_fato_vendas_produto_id__produto_id__ref_dim_produtos_.3357cad2ed"
[0m20:30:46.826800 [debug] [Thread-5 (]: On test.projeto_dw.relationships_fato_vendas_produto_id__produto_id__ref_dim_produtos_.3357cad2ed: /* {"app": "dbt", "dbt_version": "1.12.5", "profile_name": "projeto_dw", "target_name": "dev", "node_id": "test.projeto_dw.relationships_fato_vendas_produto_id__produto_id__ref_dim_produtos_.3357cad2ed"} */

    
    select
      count(*) as failures,
      count(*) != 0 as should_warn,
      count(*) != 0 as should_error
    from (
      
    
  
    
    

with child as (
    select produto_id as from_field
    from `project-c3b69582-833e-4e2a-88c`.`gold`.`fato_vendas`
    where produto_id is not null
),

parent as (
    select produto_id as to_field
    from `project-c3b69582-833e-4e2a-88c`.`gold`.`dim_produtos`
)

select
    from_field

from child
left join parent
    on child.from_field = parent.to_field

where parent.to_field is null



  
  
      
    ) dbt_internal_test
[0m20:30:46.825495 [debug] [Thread-4 (]: On test.projeto_dw.relationships_fato_vendas_cliente_id__cliente_id__ref_dim_clientes_.6fcfaa8d2a: /* {"app": "dbt", "dbt_version": "1.12.5", "profile_name": "projeto_dw", "target_name": "dev", "node_id": "test.projeto_dw.relationships_fato_vendas_cliente_id__cliente_id__ref_dim_clientes_.6fcfaa8d2a"} */

    
    select
      count(*) as failures,
      count(*) != 0 as should_warn,
      count(*) != 0 as should_error
    from (
      
    
  
    
    

with child as (
    select cliente_id as from_field
    from `project-c3b69582-833e-4e2a-88c`.`gold`.`fato_vendas`
    where cliente_id is not null
),

parent as (
    select cliente_id as to_field
    from `project-c3b69582-833e-4e2a-88c`.`gold`.`dim_clientes`
)

select
    from_field

from child
left join parent
    on child.from_field = parent.to_field

where parent.to_field is null



  
  
      
    ) dbt_internal_test
[0m20:30:46.827922 [debug] [Thread-4 (]: Opening a new connection, currently in state closed
[0m20:30:46.829788 [debug] [Thread-5 (]: Opening a new connection, currently in state closed
[0m20:30:47.368765 [debug] [Thread-3 (]: BigQuery adapter: https://console.cloud.google.com/bigquery?project=project-c3b69582-833e-4e2a-88c&j=bq:southamerica-east1:82f286e0-9475-489b-b61d-092d1e36aaf1&page=queryresults
[0m20:30:47.415661 [debug] [Thread-3 (]: SQL status: OK in 0.046 seconds
[0m20:30:47.519215 [info ] [Thread-3 (]: 9 of 18 PASS not_null_fato_vendas_produto_id ................................... [[32mPASS[0m in 0.96s]
[0m20:30:47.520906 [debug] [Thread-3 (]: Finished running node test.projeto_dw.not_null_fato_vendas_produto_id.3428e3d730
[0m20:30:47.521753 [debug] [Thread-3 (]: Began running node test.projeto_dw.unique_dim_calendario_data.c2ff14cb64
[0m20:30:47.522533 [info ] [Thread-3 (]: 13 of 18 START test unique_dim_calendario_data ................................. [RUN]
[0m20:30:47.523456 [debug] [Thread-3 (]: Re-using an available connection from the pool (formerly test.projeto_dw.not_null_fato_vendas_produto_id.3428e3d730, now test.projeto_dw.unique_dim_calendario_data.c2ff14cb64)
[0m20:30:47.524087 [debug] [Thread-3 (]: Began compiling node test.projeto_dw.unique_dim_calendario_data.c2ff14cb64
[0m20:30:47.537475 [debug] [Thread-3 (]: Writing injected SQL for node "test.projeto_dw.unique_dim_calendario_data.c2ff14cb64"
[0m20:30:47.538641 [debug] [Thread-3 (]: Began executing node test.projeto_dw.unique_dim_calendario_data.c2ff14cb64
[0m20:30:47.541507 [debug] [Thread-3 (]: Writing runtime sql for node "test.projeto_dw.unique_dim_calendario_data.c2ff14cb64"
[0m20:30:47.542953 [debug] [Thread-3 (]: On test.projeto_dw.unique_dim_calendario_data.c2ff14cb64: /* {"app": "dbt", "dbt_version": "1.12.5", "profile_name": "projeto_dw", "target_name": "dev", "node_id": "test.projeto_dw.unique_dim_calendario_data.c2ff14cb64"} */

    
    select
      count(*) as failures,
      count(*) != 0 as should_warn,
      count(*) != 0 as should_error
    from (
      
    
  
    
    

with dbt_test__target as (

  select data as unique_field
  from `project-c3b69582-833e-4e2a-88c`.`gold`.`dim_calendario`
  where data is not null

)

select
    unique_field,
    count(*) as n_records

from dbt_test__target
group by unique_field
having count(*) > 1



  
  
      
    ) dbt_internal_test
[0m20:30:47.544063 [debug] [Thread-3 (]: Opening a new connection, currently in state closed
[0m20:30:47.652805 [debug] [Thread-6 (]: BigQuery adapter: https://console.cloud.google.com/bigquery?project=project-c3b69582-833e-4e2a-88c&j=bq:southamerica-east1:140a6a60-d0b0-4408-bd69-09e6b1d92f39&page=queryresults
[0m20:30:47.674869 [debug] [Thread-5 (]: BigQuery adapter: https://console.cloud.google.com/bigquery?project=project-c3b69582-833e-4e2a-88c&j=bq:southamerica-east1:993a40bd-6da8-42ff-bbce-5426c271b3cb&page=queryresults
[0m20:30:47.685410 [debug] [Thread-4 (]: BigQuery adapter: https://console.cloud.google.com/bigquery?project=project-c3b69582-833e-4e2a-88c&j=bq:southamerica-east1:1455ad8e-4668-453b-a8cc-31792227fe0e&page=queryresults
[0m20:30:47.702773 [debug] [Thread-6 (]: SQL status: OK in 0.049 seconds
[0m20:30:47.726309 [debug] [Thread-5 (]: SQL status: OK in 0.050 seconds
[0m20:30:47.735157 [debug] [Thread-4 (]: SQL status: OK in 0.049 seconds
[0m20:30:47.796411 [info ] [Thread-6 (]: 10 of 18 PASS not_null_kpi_mensal_mes .......................................... [[32mPASS[0m in 1.06s]
[0m20:30:47.797842 [debug] [Thread-6 (]: Finished running node test.projeto_dw.not_null_kpi_mensal_mes.e62f8c7db7
[0m20:30:47.798608 [debug] [Thread-6 (]: Began running node test.projeto_dw.unique_dim_clientes_cliente_id.3b564a3bce
[0m20:30:47.799324 [info ] [Thread-6 (]: 14 of 18 START test unique_dim_clientes_cliente_id ............................. [RUN]
[0m20:30:47.800291 [debug] [Thread-6 (]: Re-using an available connection from the pool (formerly test.projeto_dw.not_null_kpi_mensal_mes.e62f8c7db7, now test.projeto_dw.unique_dim_clientes_cliente_id.3b564a3bce)
[0m20:30:47.800832 [debug] [Thread-6 (]: Began compiling node test.projeto_dw.unique_dim_clientes_cliente_id.3b564a3bce
[0m20:30:47.809334 [debug] [Thread-6 (]: Writing injected SQL for node "test.projeto_dw.unique_dim_clientes_cliente_id.3b564a3bce"
[0m20:30:47.810264 [debug] [Thread-6 (]: Began executing node test.projeto_dw.unique_dim_clientes_cliente_id.3b564a3bce
[0m20:30:47.812498 [debug] [Thread-6 (]: Writing runtime sql for node "test.projeto_dw.unique_dim_clientes_cliente_id.3b564a3bce"
[0m20:30:47.813377 [debug] [Thread-6 (]: On test.projeto_dw.unique_dim_clientes_cliente_id.3b564a3bce: /* {"app": "dbt", "dbt_version": "1.12.5", "profile_name": "projeto_dw", "target_name": "dev", "node_id": "test.projeto_dw.unique_dim_clientes_cliente_id.3b564a3bce"} */

    
    select
      count(*) as failures,
      count(*) != 0 as should_warn,
      count(*) != 0 as should_error
    from (
      
    
  
    
    

with dbt_test__target as (

  select cliente_id as unique_field
  from `project-c3b69582-833e-4e2a-88c`.`gold`.`dim_clientes`
  where cliente_id is not null

)

select
    unique_field,
    count(*) as n_records

from dbt_test__target
group by unique_field
having count(*) > 1



  
  
      
    ) dbt_internal_test
[0m20:30:47.813974 [debug] [Thread-6 (]: Opening a new connection, currently in state closed
[0m20:30:47.826329 [info ] [Thread-4 (]: 11 of 18 PASS relationships_fato_vendas_cliente_id__cliente_id__ref_dim_clientes_  [[32mPASS[0m in 1.06s]
[0m20:30:47.828115 [debug] [Thread-4 (]: Finished running node test.projeto_dw.relationships_fato_vendas_cliente_id__cliente_id__ref_dim_clientes_.6fcfaa8d2a
[0m20:30:47.829491 [debug] [Thread-4 (]: Began running node test.projeto_dw.unique_dim_produtos_produto_id.7d54c42ab2
[0m20:30:47.830677 [info ] [Thread-4 (]: 15 of 18 START test unique_dim_produtos_produto_id ............................. [RUN]
[0m20:30:47.831843 [debug] [Thread-4 (]: Re-using an available connection from the pool (formerly test.projeto_dw.relationships_fato_vendas_cliente_id__cliente_id__ref_dim_clientes_.6fcfaa8d2a, now test.projeto_dw.unique_dim_produtos_produto_id.7d54c42ab2)
[0m20:30:47.832827 [debug] [Thread-4 (]: Began compiling node test.projeto_dw.unique_dim_produtos_produto_id.7d54c42ab2
[0m20:30:47.844154 [debug] [Thread-4 (]: Writing injected SQL for node "test.projeto_dw.unique_dim_produtos_produto_id.7d54c42ab2"
[0m20:30:47.848494 [info ] [Thread-5 (]: 12 of 18 PASS relationships_fato_vendas_produto_id__produto_id__ref_dim_produtos_  [[32mPASS[0m in 1.06s]
[0m20:30:47.849736 [debug] [Thread-5 (]: Finished running node test.projeto_dw.relationships_fato_vendas_produto_id__produto_id__ref_dim_produtos_.3357cad2ed
[0m20:30:47.851043 [debug] [Thread-5 (]: Began running node test.projeto_dw.unique_fato_metas_mes.6fac1126c6
[0m20:30:47.851778 [info ] [Thread-5 (]: 16 of 18 START test unique_fato_metas_mes ...................................... [RUN]
[0m20:30:47.852650 [debug] [Thread-5 (]: Re-using an available connection from the pool (formerly test.projeto_dw.relationships_fato_vendas_produto_id__produto_id__ref_dim_produtos_.3357cad2ed, now test.projeto_dw.unique_fato_metas_mes.6fac1126c6)
[0m20:30:47.850377 [debug] [Thread-4 (]: Began executing node test.projeto_dw.unique_dim_produtos_produto_id.7d54c42ab2
[0m20:30:47.855672 [debug] [Thread-4 (]: Writing runtime sql for node "test.projeto_dw.unique_dim_produtos_produto_id.7d54c42ab2"
[0m20:30:47.853260 [debug] [Thread-5 (]: Began compiling node test.projeto_dw.unique_fato_metas_mes.6fac1126c6
[0m20:30:47.864451 [debug] [Thread-5 (]: Writing injected SQL for node "test.projeto_dw.unique_fato_metas_mes.6fac1126c6"
[0m20:30:47.865482 [debug] [Thread-4 (]: On test.projeto_dw.unique_dim_produtos_produto_id.7d54c42ab2: /* {"app": "dbt", "dbt_version": "1.12.5", "profile_name": "projeto_dw", "target_name": "dev", "node_id": "test.projeto_dw.unique_dim_produtos_produto_id.7d54c42ab2"} */

    
    select
      count(*) as failures,
      count(*) != 0 as should_warn,
      count(*) != 0 as should_error
    from (
      
    
  
    
    

with dbt_test__target as (

  select produto_id as unique_field
  from `project-c3b69582-833e-4e2a-88c`.`gold`.`dim_produtos`
  where produto_id is not null

)

select
    unique_field,
    count(*) as n_records

from dbt_test__target
group by unique_field
having count(*) > 1



  
  
      
    ) dbt_internal_test
[0m20:30:47.866347 [debug] [Thread-4 (]: Opening a new connection, currently in state closed
[0m20:30:47.868890 [debug] [Thread-5 (]: Began executing node test.projeto_dw.unique_fato_metas_mes.6fac1126c6
[0m20:30:47.871741 [debug] [Thread-5 (]: Writing runtime sql for node "test.projeto_dw.unique_fato_metas_mes.6fac1126c6"
[0m20:30:47.872834 [debug] [Thread-5 (]: On test.projeto_dw.unique_fato_metas_mes.6fac1126c6: /* {"app": "dbt", "dbt_version": "1.12.5", "profile_name": "projeto_dw", "target_name": "dev", "node_id": "test.projeto_dw.unique_fato_metas_mes.6fac1126c6"} */

    
    select
      count(*) as failures,
      count(*) != 0 as should_warn,
      count(*) != 0 as should_error
    from (
      
    
  
    
    

with dbt_test__target as (

  select mes as unique_field
  from `project-c3b69582-833e-4e2a-88c`.`gold`.`fato_metas`
  where mes is not null

)

select
    unique_field,
    count(*) as n_records

from dbt_test__target
group by unique_field
having count(*) > 1



  
  
      
    ) dbt_internal_test
[0m20:30:47.873785 [debug] [Thread-5 (]: Opening a new connection, currently in state closed
[0m20:30:47.976273 [debug] [Thread-3 (]: BigQuery adapter: https://console.cloud.google.com/bigquery?project=project-c3b69582-833e-4e2a-88c&j=bq:southamerica-east1:9218c17e-28d6-4231-a390-b6169f2d38fa&page=queryresults
[0m20:30:48.034925 [debug] [Thread-3 (]: SQL status: OK in 0.058 seconds
[0m20:30:48.181408 [info ] [Thread-3 (]: 13 of 18 PASS unique_dim_calendario_data ....................................... [[32mPASS[0m in 0.66s]
[0m20:30:48.183203 [debug] [Thread-3 (]: Finished running node test.projeto_dw.unique_dim_calendario_data.c2ff14cb64
[0m20:30:48.184206 [debug] [Thread-3 (]: Began running node test.projeto_dw.unique_fato_vendas_item_id.13f9ceb8d1
[0m20:30:48.185063 [info ] [Thread-3 (]: 17 of 18 START test unique_fato_vendas_item_id ................................. [RUN]
[0m20:30:48.186032 [debug] [Thread-3 (]: Re-using an available connection from the pool (formerly test.projeto_dw.unique_dim_calendario_data.c2ff14cb64, now test.projeto_dw.unique_fato_vendas_item_id.13f9ceb8d1)
[0m20:30:48.187492 [debug] [Thread-3 (]: Began compiling node test.projeto_dw.unique_fato_vendas_item_id.13f9ceb8d1
[0m20:30:48.202648 [debug] [Thread-3 (]: Writing injected SQL for node "test.projeto_dw.unique_fato_vendas_item_id.13f9ceb8d1"
[0m20:30:48.203923 [debug] [Thread-3 (]: Began executing node test.projeto_dw.unique_fato_vendas_item_id.13f9ceb8d1
[0m20:30:48.207597 [debug] [Thread-3 (]: Writing runtime sql for node "test.projeto_dw.unique_fato_vendas_item_id.13f9ceb8d1"
[0m20:30:48.208882 [debug] [Thread-3 (]: On test.projeto_dw.unique_fato_vendas_item_id.13f9ceb8d1: /* {"app": "dbt", "dbt_version": "1.12.5", "profile_name": "projeto_dw", "target_name": "dev", "node_id": "test.projeto_dw.unique_fato_vendas_item_id.13f9ceb8d1"} */

    
    select
      count(*) as failures,
      count(*) != 0 as should_warn,
      count(*) != 0 as should_error
    from (
      
    
  
    
    

with dbt_test__target as (

  select item_id as unique_field
  from `project-c3b69582-833e-4e2a-88c`.`gold`.`fato_vendas`
  where item_id is not null

)

select
    unique_field,
    count(*) as n_records

from dbt_test__target
group by unique_field
having count(*) > 1



  
  
      
    ) dbt_internal_test
[0m20:30:48.209847 [debug] [Thread-3 (]: Opening a new connection, currently in state closed
[0m20:30:48.547030 [debug] [Thread-6 (]: BigQuery adapter: https://console.cloud.google.com/bigquery?project=project-c3b69582-833e-4e2a-88c&j=bq:southamerica-east1:f4bc8707-4d18-4dc9-aa0d-6214dbc2bd27&page=queryresults
[0m20:30:48.593241 [debug] [Thread-6 (]: SQL status: OK in 0.045 seconds
[0m20:30:48.668354 [debug] [Thread-4 (]: BigQuery adapter: https://console.cloud.google.com/bigquery?project=project-c3b69582-833e-4e2a-88c&j=bq:southamerica-east1:f17baabf-0758-4b2a-9f1b-e352e6313967&page=queryresults
[0m20:30:48.716048 [debug] [Thread-4 (]: SQL status: OK in 0.047 seconds
[0m20:30:48.737879 [info ] [Thread-6 (]: 14 of 18 PASS unique_dim_clientes_cliente_id ................................... [[32mPASS[0m in 0.94s]
[0m20:30:48.739277 [debug] [Thread-6 (]: Finished running node test.projeto_dw.unique_dim_clientes_cliente_id.3b564a3bce
[0m20:30:48.740012 [debug] [Thread-6 (]: Began running node test.projeto_dw.unique_kpi_mensal_mes.0450c9d6a2
[0m20:30:48.740728 [info ] [Thread-6 (]: 18 of 18 START test unique_kpi_mensal_mes ...................................... [RUN]
[0m20:30:48.741565 [debug] [Thread-6 (]: Re-using an available connection from the pool (formerly test.projeto_dw.unique_dim_clientes_cliente_id.3b564a3bce, now test.projeto_dw.unique_kpi_mensal_mes.0450c9d6a2)
[0m20:30:48.742122 [debug] [Thread-6 (]: Began compiling node test.projeto_dw.unique_kpi_mensal_mes.0450c9d6a2
[0m20:30:48.750818 [debug] [Thread-6 (]: Writing injected SQL for node "test.projeto_dw.unique_kpi_mensal_mes.0450c9d6a2"
[0m20:30:48.751755 [debug] [Thread-6 (]: Began executing node test.projeto_dw.unique_kpi_mensal_mes.0450c9d6a2
[0m20:30:48.753952 [debug] [Thread-6 (]: Writing runtime sql for node "test.projeto_dw.unique_kpi_mensal_mes.0450c9d6a2"
[0m20:30:48.754870 [debug] [Thread-6 (]: On test.projeto_dw.unique_kpi_mensal_mes.0450c9d6a2: /* {"app": "dbt", "dbt_version": "1.12.5", "profile_name": "projeto_dw", "target_name": "dev", "node_id": "test.projeto_dw.unique_kpi_mensal_mes.0450c9d6a2"} */

    
    select
      count(*) as failures,
      count(*) != 0 as should_warn,
      count(*) != 0 as should_error
    from (
      
    
  
    
    

with dbt_test__target as (

  select mes as unique_field
  from `project-c3b69582-833e-4e2a-88c`.`gold`.`kpi_mensal`
  where mes is not null

)

select
    unique_field,
    count(*) as n_records

from dbt_test__target
group by unique_field
having count(*) > 1



  
  
      
    ) dbt_internal_test
[0m20:30:48.755544 [debug] [Thread-6 (]: Opening a new connection, currently in state closed
[0m20:30:48.763465 [debug] [Thread-3 (]: BigQuery adapter: https://console.cloud.google.com/bigquery?project=project-c3b69582-833e-4e2a-88c&j=bq:southamerica-east1:9d0249fe-7e5a-4344-9c61-afaeba0bde82&page=queryresults
[0m20:30:48.812181 [debug] [Thread-3 (]: SQL status: OK in 0.048 seconds
[0m20:30:48.837767 [debug] [Thread-5 (]: BigQuery adapter: https://console.cloud.google.com/bigquery?project=project-c3b69582-833e-4e2a-88c&j=bq:southamerica-east1:43b1f0ca-dd08-4d0c-80cf-eb5ebf05348e&page=queryresults
[0m20:30:48.889031 [debug] [Thread-5 (]: SQL status: OK in 0.051 seconds
[0m20:30:48.895637 [info ] [Thread-4 (]: 15 of 18 PASS unique_dim_produtos_produto_id ................................... [[32mPASS[0m in 1.06s]
[0m20:30:48.897251 [debug] [Thread-4 (]: Finished running node test.projeto_dw.unique_dim_produtos_produto_id.7d54c42ab2
[0m20:30:48.913737 [info ] [Thread-3 (]: 17 of 18 PASS unique_fato_vendas_item_id ....................................... [[32mPASS[0m in 0.73s]
[0m20:30:48.915262 [debug] [Thread-3 (]: Finished running node test.projeto_dw.unique_fato_vendas_item_id.13f9ceb8d1
[0m20:30:48.995826 [info ] [Thread-5 (]: 16 of 18 PASS unique_fato_metas_mes ............................................ [[32mPASS[0m in 1.14s]
[0m20:30:48.997445 [debug] [Thread-5 (]: Finished running node test.projeto_dw.unique_fato_metas_mes.6fac1126c6
[0m20:30:49.733554 [debug] [Thread-6 (]: BigQuery adapter: https://console.cloud.google.com/bigquery?project=project-c3b69582-833e-4e2a-88c&j=bq:southamerica-east1:1b832b22-75f7-46ee-905d-5dd8c0056cfd&page=queryresults
[0m20:30:49.788370 [debug] [Thread-6 (]: SQL status: OK in 0.054 seconds
[0m20:30:49.897087 [info ] [Thread-6 (]: 18 of 18 PASS unique_kpi_mensal_mes ............................................ [[32mPASS[0m in 1.16s]
[0m20:30:49.898375 [debug] [Thread-6 (]: Finished running node test.projeto_dw.unique_kpi_mensal_mes.0450c9d6a2
[0m20:30:49.901242 [debug] [MainThread]: Opening a new connection, currently in state closed
[0m20:30:49.902332 [debug] [MainThread]: Connection 'master' was properly closed.
[0m20:30:49.902793 [debug] [MainThread]: Connection 'test.projeto_dw.unique_fato_vendas_item_id.13f9ceb8d1' was properly closed.
[0m20:30:49.903175 [debug] [MainThread]: Connection 'test.projeto_dw.unique_dim_produtos_produto_id.7d54c42ab2' was properly closed.
[0m20:30:49.903718 [debug] [MainThread]: Connection 'test.projeto_dw.unique_kpi_mensal_mes.0450c9d6a2' was properly closed.
[0m20:30:49.904050 [debug] [MainThread]: Connection 'test.projeto_dw.unique_fato_metas_mes.6fac1126c6' was properly closed.
[0m20:30:49.904581 [info ] [MainThread]: 
[0m20:30:49.905334 [info ] [MainThread]: Finished running 18 data tests in 0 hours 0 minutes and 5.76 seconds (5.76s).
[0m20:30:49.909476 [debug] [MainThread]: Command end result
[0m20:30:49.962628 [debug] [MainThread]: Wrote artifact WritableManifest to /usr/local/airflow/include/projeto_dw/target/manifest.json
[0m20:30:49.967229 [debug] [MainThread]: Wrote artifact SemanticManifest to /usr/local/airflow/include/projeto_dw/target/semantic_manifest.json
[0m20:30:49.971680 [debug] [MainThread]: Wrote artifact OsiDocument to /usr/local/airflow/include/projeto_dw/target/osi_document.json
[0m20:30:49.983355 [debug] [MainThread]: Wrote artifact RunExecutionResult to /usr/local/airflow/include/projeto_dw/target/run_results.json
[0m20:30:49.984223 [info ] [MainThread]: 
[0m20:30:49.984904 [info ] [MainThread]: [32mCompleted successfully[0m
[0m20:30:49.985619 [info ] [MainThread]: 
[0m20:30:49.986318 [info ] [MainThread]: Done. PASS=18 WARN=0 ERROR=0 SKIP=0 NO-OP=0 REUSED=0 TOTAL=18
[0m20:30:49.987379 [warn ] [MainThread]: [[33mWARNING[0m][DeprecationsSummary]: Deprecated functionality
Summary of encountered deprecations:
- MissingArgumentsPropertyInGenericTestDeprecation: 2 occurrences
To see all deprecation instances instead of just the first occurrence of each,
run command again with the `--show-all-deprecations` flag. You may also need to
run with `--no-partial-parse` as some deprecations are only encountered during
parsing.
[0m20:30:49.988410 [debug] [MainThread]: Resource report: {"command_name": "test", "command_success": true, "command_wall_clock_time": 11.153828, "process_in_blocks": "1088", "process_kernel_time": 0.821033, "process_mem_max_rss": "321784", "process_out_blocks": "4800", "process_user_time": 10.930501}
[0m20:30:49.989150 [debug] [MainThread]: Command `dbt test` succeeded at 20:30:49.988959 after 11.15 seconds
[0m20:30:49.989687 [debug] [MainThread]: Sending event: {'category': 'dbt', 'action': 'invocation', 'label': 'end', 'context': [<snowplow_tracker.self_describing_json.SelfDescribingJson object at 0x7e326f8f9180>, <snowplow_tracker.self_describing_json.SelfDescribingJson object at 0x7e326ff5b110>, <snowplow_tracker.self_describing_json.SelfDescribingJson object at 0x7e326ff5ab70>]}
[0m20:30:49.990271 [debug] [MainThread]: Flushing usage events
[0m20:30:50.504284 [debug] [MainThread]: An error was encountered while trying to flush usage events
[0m20:31:12.757301 [debug] [MainThread]: Sending event: {'category': 'dbt', 'action': 'invocation', 'label': 'start', 'context': [<snowplow_tracker.self_describing_json.SelfDescribingJson object at 0x7a7570f6a3c0>, <snowplow_tracker.self_describing_json.SelfDescribingJson object at 0x7a7572ee4a50>, <snowplow_tracker.self_describing_json.SelfDescribingJson object at 0x7a756f72f890>]}


============================== 20:31:12.762048 | beefb100-fea7-42e5-850d-b52f78576fbb ==============================
[0m20:31:12.762048 [info ] [MainThread]: Running with dbt=1.12.5
[0m20:31:12.763002 [debug] [MainThread]: running dbt with arguments {'log_path': '/usr/local/airflow/include/projeto_dw/logs', 'no_print': 'None', 'log_cache_events': 'False', 'hints_enabled': 'True', 'printer_width': '80', 'send_anonymous_usage_stats': 'True', 'version_check': 'True', 'warn_error': 'None', 'cache_selected_only': 'False', 'quiet': 'False', 'indirect_selection': 'eager', 'fail_fast': 'False', 'warn_error_options': 'WarnErrorOptionsV2(error=[], warn=[], silence=[])', 'partial_parse': 'True', 'empty': 'None', 'use_colors': 'True', 'log_format': 'default', 'maximum_seed_size_mib': '1', 'target_path': 'None', 'static_parser': 'True', 'profiles_dir': '/home/astro/.dbt', 'debug': 'False', 'use_experimental_parser': 'False', 'introspect': 'True', 'write_json': 'True', 'invocation_command': 'dbt test --profiles-dir /home/astro/.dbt'}
[0m20:31:15.895381 [debug] [MainThread]: Sending event: {'category': 'dbt', 'action': 'project_id', 'label': 'beefb100-fea7-42e5-850d-b52f78576fbb', 'context': [<snowplow_tracker.self_describing_json.SelfDescribingJson object at 0x7a7557d710f0>]}
[0m20:31:16.000531 [debug] [MainThread]: Sending event: {'category': 'dbt', 'action': 'adapter_info', 'label': 'beefb100-fea7-42e5-850d-b52f78576fbb', 'context': [<snowplow_tracker.self_describing_json.SelfDescribingJson object at 0x7a7572e8a7a0>]}
[0m20:31:16.001822 [info ] [MainThread]: Registered adapter: bigquery=1.12.1
[0m20:31:16.196622 [debug] [MainThread]: checksum: 22bc04b104bea0da067adfb288e6ba424fcb4a4f4349f53ee8805d9c99dc5146, vars: {}, profile: projeto_dw, target: dev, version: 1.12.5
[0m20:31:16.606082 [debug] [MainThread]: Partial parsing enabled: 0 files deleted, 2 files added, 0 files changed.
[0m20:31:16.607019 [debug] [MainThread]: Partial parsing: added file: projeto_dw://tests/fato_vendas_reconciliacao.sql
[0m20:31:16.607699 [debug] [MainThread]: Partial parsing: added file: projeto_dw://tests/fato_vendas_quantidade_positiva.sql
[0m20:31:16.944349 [debug] [MainThread]: Sending event: {'category': 'dbt', 'action': 'load_project', 'label': 'beefb100-fea7-42e5-850d-b52f78576fbb', 'context': [<snowplow_tracker.self_describing_json.SelfDescribingJson object at 0x7a7557adbb50>]}
[0m20:31:17.122080 [debug] [MainThread]: Wrote artifact WritableManifest to /usr/local/airflow/include/projeto_dw/target/manifest.json
[0m20:31:17.126535 [debug] [MainThread]: Wrote artifact SemanticManifest to /usr/local/airflow/include/projeto_dw/target/semantic_manifest.json
[0m20:31:17.184777 [debug] [MainThread]: Wrote artifact OsiDocument to /usr/local/airflow/include/projeto_dw/target/osi_document.json
[0m20:31:17.474693 [debug] [MainThread]: Sending event: {'category': 'dbt', 'action': 'resource_counts', 'label': 'beefb100-fea7-42e5-850d-b52f78576fbb', 'context': [<snowplow_tracker.self_describing_json.SelfDescribingJson object at 0x7a7557655e50>]}
[0m20:31:17.475790 [info ] [MainThread]: Found 12 models, 20 data tests, 6 sources, 562 macros
[0m20:31:17.476593 [debug] [MainThread]: Sending event: {'category': 'dbt', 'action': 'runnable_timing', 'label': 'beefb100-fea7-42e5-850d-b52f78576fbb', 'context': [<snowplow_tracker.self_describing_json.SelfDescribingJson object at 0x7a7556c9d710>]}
[0m20:31:17.482790 [info ] [MainThread]: 
[0m20:31:17.483664 [info ] [MainThread]: Concurrency: 4 threads (target='dev')
[0m20:31:17.484339 [info ] [MainThread]: 
[0m20:31:17.485515 [debug] [MainThread]: Acquiring new bigquery connection 'master'
[0m20:31:17.495416 [debug] [ThreadPool]: Acquiring new bigquery connection 'list_project-c3b69582-833e-4e2a-88c_silver'
[0m20:31:17.497973 [debug] [ThreadPool]: Opening a new connection, currently in state init
[0m20:31:17.497061 [debug] [ThreadPool]: Acquiring new bigquery connection 'list_project-c3b69582-833e-4e2a-88c_gold'
[0m20:31:17.499550 [debug] [ThreadPool]: Opening a new connection, currently in state init
[0m20:31:17.826271 [debug] [MainThread]: Sending event: {'category': 'dbt', 'action': 'runnable_timing', 'label': 'beefb100-fea7-42e5-850d-b52f78576fbb', 'context': [<snowplow_tracker.self_describing_json.SelfDescribingJson object at 0x7a756f6f36c0>]}
[0m20:31:17.827387 [debug] [MainThread]: Opening a new connection, currently in state init
[0m20:31:17.835588 [debug] [Thread-3 (]: Began running node test.projeto_dw.fato_vendas_quantidade_positiva
[0m20:31:17.836454 [debug] [Thread-5 (]: Began running node test.projeto_dw.not_null_dim_calendario_data.cbad0deb11
[0m20:31:17.837116 [debug] [Thread-6 (]: Began running node test.projeto_dw.not_null_dim_clientes_cliente_id.72dd473286
[0m20:31:17.838204 [debug] [Thread-4 (]: Began running node test.projeto_dw.fato_vendas_reconciliacao
[0m20:31:17.838895 [info ] [Thread-3 (]: 1 of 20 START test fato_vendas_quantidade_positiva ............................. [RUN]
[0m20:31:17.839794 [info ] [Thread-5 (]: 3 of 20 START test not_null_dim_calendario_data ................................ [RUN]
[0m20:31:17.840871 [info ] [Thread-6 (]: 4 of 20 START test not_null_dim_clientes_cliente_id ............................ [RUN]
[0m20:31:17.842971 [debug] [Thread-3 (]: Re-using an available connection from the pool (formerly list_project-c3b69582-833e-4e2a-88c_gold, now test.projeto_dw.fato_vendas_quantidade_positiva)
[0m20:31:17.841588 [info ] [Thread-4 (]: 2 of 20 START test fato_vendas_reconciliacao ................................... [RUN]
[0m20:31:17.844092 [debug] [Thread-5 (]: Acquiring new bigquery connection 'test.projeto_dw.not_null_dim_calendario_data.cbad0deb11'
[0m20:31:17.845002 [debug] [Thread-6 (]: Acquiring new bigquery connection 'test.projeto_dw.not_null_dim_clientes_cliente_id.72dd473286'
[0m20:31:17.845623 [debug] [Thread-3 (]: Began compiling node test.projeto_dw.fato_vendas_quantidade_positiva
[0m20:31:17.846338 [debug] [Thread-4 (]: Re-using an available connection from the pool (formerly list_project-c3b69582-833e-4e2a-88c_silver, now test.projeto_dw.fato_vendas_reconciliacao)
[0m20:31:17.846936 [debug] [Thread-5 (]: Began compiling node test.projeto_dw.not_null_dim_calendario_data.cbad0deb11
[0m20:31:17.847556 [debug] [Thread-6 (]: Began compiling node test.projeto_dw.not_null_dim_clientes_cliente_id.72dd473286
[0m20:31:17.855550 [debug] [Thread-3 (]: Writing injected SQL for node "test.projeto_dw.fato_vendas_quantidade_positiva"
[0m20:31:17.856333 [debug] [Thread-4 (]: Began compiling node test.projeto_dw.fato_vendas_reconciliacao
[0m20:31:17.885577 [debug] [Thread-5 (]: Writing injected SQL for node "test.projeto_dw.not_null_dim_calendario_data.cbad0deb11"
[0m20:31:17.888241 [debug] [Thread-6 (]: Writing injected SQL for node "test.projeto_dw.not_null_dim_clientes_cliente_id.72dd473286"
[0m20:31:17.892916 [debug] [Thread-3 (]: Began executing node test.projeto_dw.fato_vendas_quantidade_positiva
[0m20:31:17.891587 [debug] [Thread-4 (]: Writing injected SQL for node "test.projeto_dw.fato_vendas_reconciliacao"
[0m20:31:17.898847 [debug] [Thread-6 (]: Began executing node test.projeto_dw.not_null_dim_clientes_cliente_id.72dd473286
[0m20:31:17.934950 [debug] [Thread-6 (]: Writing runtime sql for node "test.projeto_dw.not_null_dim_clientes_cliente_id.72dd473286"
[0m20:31:17.935991 [debug] [Thread-5 (]: Began executing node test.projeto_dw.not_null_dim_calendario_data.cbad0deb11
[0m20:31:17.942032 [debug] [Thread-5 (]: Writing runtime sql for node "test.projeto_dw.not_null_dim_calendario_data.cbad0deb11"
[0m20:31:17.939416 [debug] [Thread-3 (]: Writing runtime sql for node "test.projeto_dw.fato_vendas_quantidade_positiva"
[0m20:31:17.943385 [debug] [Thread-6 (]: On test.projeto_dw.not_null_dim_clientes_cliente_id.72dd473286: /* {"app": "dbt", "dbt_version": "1.12.5", "profile_name": "projeto_dw", "target_name": "dev", "node_id": "test.projeto_dw.not_null_dim_clientes_cliente_id.72dd473286"} */

    
    select
      count(*) as failures,
      count(*) != 0 as should_warn,
      count(*) != 0 as should_error
    from (
      
    
  
    
    



select cliente_id
from `project-c3b69582-833e-4e2a-88c`.`gold`.`dim_clientes`
where cliente_id is null



  
  
      
    ) dbt_internal_test
[0m20:31:17.944229 [debug] [Thread-6 (]: Opening a new connection, currently in state init
[0m20:31:17.946802 [debug] [Thread-4 (]: Began executing node test.projeto_dw.fato_vendas_reconciliacao
[0m20:31:17.952307 [debug] [Thread-4 (]: Writing runtime sql for node "test.projeto_dw.fato_vendas_reconciliacao"
[0m20:31:17.948169 [debug] [Thread-5 (]: On test.projeto_dw.not_null_dim_calendario_data.cbad0deb11: /* {"app": "dbt", "dbt_version": "1.12.5", "profile_name": "projeto_dw", "target_name": "dev", "node_id": "test.projeto_dw.not_null_dim_calendario_data.cbad0deb11"} */

    
    select
      count(*) as failures,
      count(*) != 0 as should_warn,
      count(*) != 0 as should_error
    from (
      
    
  
    
    



select data
from `project-c3b69582-833e-4e2a-88c`.`gold`.`dim_calendario`
where data is null



  
  
      
    ) dbt_internal_test
[0m20:31:17.953421 [debug] [Thread-5 (]: Opening a new connection, currently in state init
[0m20:31:17.956343 [debug] [Thread-3 (]: On test.projeto_dw.fato_vendas_quantidade_positiva: /* {"app": "dbt", "dbt_version": "1.12.5", "profile_name": "projeto_dw", "target_name": "dev", "node_id": "test.projeto_dw.fato_vendas_quantidade_positiva"} */

    
    select
      count(*) as failures,
      count(*) != 0 as should_warn,
      count(*) != 0 as should_error
    from (
      
    
  select *
from `project-c3b69582-833e-4e2a-88c`.`gold`.`fato_vendas`
where quantidade <= 0
  
  
      
    ) dbt_internal_test
[0m20:31:17.957502 [debug] [Thread-3 (]: Opening a new connection, currently in state closed
[0m20:31:17.960642 [debug] [Thread-4 (]: On test.projeto_dw.fato_vendas_reconciliacao: /* {"app": "dbt", "dbt_version": "1.12.5", "profile_name": "projeto_dw", "target_name": "dev", "node_id": "test.projeto_dw.fato_vendas_reconciliacao"} */

    
    select
      count(*) as failures,
      count(*) != 0 as should_warn,
      count(*) != 0 as should_error
    from (
      
    
  with valores as (
    select
        pedido_id,
        round(sum(valor_item), 2) as total_itens,
        round(max(valor_total), 2) as valor_pedido
    from `project-c3b69582-833e-4e2a-88c`.`gold`.`fato_vendas`
    group by pedido_id
)
select *
from valores
where total_itens != valor_pedido
  
  
      
    ) dbt_internal_test
[0m20:31:17.962370 [debug] [Thread-4 (]: Opening a new connection, currently in state closed
[0m20:31:18.400917 [debug] [Thread-5 (]: BigQuery adapter: https://console.cloud.google.com/bigquery?project=project-c3b69582-833e-4e2a-88c&j=bq:southamerica-east1:2a02cf88-178f-4ef2-be43-2f2f91176180&page=queryresults
[0m20:31:18.452786 [debug] [Thread-5 (]: SQL status: OK in 0.049 seconds
[0m20:31:18.610020 [info ] [Thread-5 (]: 3 of 20 PASS not_null_dim_calendario_data ...................................... [[32mPASS[0m in 0.77s]
[0m20:31:18.611579 [debug] [Thread-5 (]: Finished running node test.projeto_dw.not_null_dim_calendario_data.cbad0deb11
[0m20:31:18.612388 [debug] [Thread-5 (]: Began running node test.projeto_dw.not_null_dim_produtos_produto_id.397f08245f
[0m20:31:18.613123 [info ] [Thread-5 (]: 5 of 20 START test not_null_dim_produtos_produto_id ............................ [RUN]
[0m20:31:18.614127 [debug] [Thread-5 (]: Re-using an available connection from the pool (formerly test.projeto_dw.not_null_dim_calendario_data.cbad0deb11, now test.projeto_dw.not_null_dim_produtos_produto_id.397f08245f)
[0m20:31:18.614806 [debug] [Thread-5 (]: Began compiling node test.projeto_dw.not_null_dim_produtos_produto_id.397f08245f
[0m20:31:18.623502 [debug] [Thread-5 (]: Writing injected SQL for node "test.projeto_dw.not_null_dim_produtos_produto_id.397f08245f"
[0m20:31:18.624524 [debug] [Thread-5 (]: Began executing node test.projeto_dw.not_null_dim_produtos_produto_id.397f08245f
[0m20:31:18.626809 [debug] [Thread-5 (]: Writing runtime sql for node "test.projeto_dw.not_null_dim_produtos_produto_id.397f08245f"
[0m20:31:18.627740 [debug] [Thread-5 (]: On test.projeto_dw.not_null_dim_produtos_produto_id.397f08245f: /* {"app": "dbt", "dbt_version": "1.12.5", "profile_name": "projeto_dw", "target_name": "dev", "node_id": "test.projeto_dw.not_null_dim_produtos_produto_id.397f08245f"} */

    
    select
      count(*) as failures,
      count(*) != 0 as should_warn,
      count(*) != 0 as should_error
    from (
      
    
  
    
    



select produto_id
from `project-c3b69582-833e-4e2a-88c`.`gold`.`dim_produtos`
where produto_id is null



  
  
      
    ) dbt_internal_test
[0m20:31:18.628459 [debug] [Thread-5 (]: Opening a new connection, currently in state closed
[0m20:31:18.694021 [debug] [Thread-6 (]: BigQuery adapter: https://console.cloud.google.com/bigquery?project=project-c3b69582-833e-4e2a-88c&j=bq:southamerica-east1:60d02529-8249-4dbb-9f0e-2c55847b141c&page=queryresults
[0m20:31:18.780881 [debug] [Thread-3 (]: BigQuery adapter: https://console.cloud.google.com/bigquery?project=project-c3b69582-833e-4e2a-88c&j=bq:southamerica-east1:97fbb671-e394-4317-9ed0-9624b96f2a36&page=queryresults
[0m20:31:18.829793 [debug] [Thread-3 (]: SQL status: OK in 0.048 seconds
[0m20:31:18.841066 [debug] [Thread-6 (]: SQL status: OK in 0.146 seconds
[0m20:31:18.928055 [info ] [Thread-6 (]: 4 of 20 PASS not_null_dim_clientes_cliente_id .................................. [[32mPASS[0m in 1.08s]
[0m20:31:18.929503 [debug] [Thread-6 (]: Finished running node test.projeto_dw.not_null_dim_clientes_cliente_id.72dd473286
[0m20:31:18.930259 [debug] [Thread-6 (]: Began running node test.projeto_dw.not_null_fato_metas_mes.c7a9316b90
[0m20:31:18.930970 [info ] [Thread-6 (]: 6 of 20 START test not_null_fato_metas_mes ..................................... [RUN]
[0m20:31:18.931947 [debug] [Thread-6 (]: Re-using an available connection from the pool (formerly test.projeto_dw.not_null_dim_clientes_cliente_id.72dd473286, now test.projeto_dw.not_null_fato_metas_mes.c7a9316b90)
[0m20:31:18.932513 [debug] [Thread-6 (]: Began compiling node test.projeto_dw.not_null_fato_metas_mes.c7a9316b90
[0m20:31:18.944270 [debug] [Thread-6 (]: Writing injected SQL for node "test.projeto_dw.not_null_fato_metas_mes.c7a9316b90"
[0m20:31:18.948453 [info ] [Thread-3 (]: 1 of 20 PASS fato_vendas_quantidade_positiva ................................... [[32mPASS[0m in 1.11s]
[0m20:31:18.950931 [debug] [Thread-3 (]: Finished running node test.projeto_dw.fato_vendas_quantidade_positiva
[0m20:31:18.951711 [debug] [Thread-3 (]: Began running node test.projeto_dw.not_null_fato_metas_meta_vendas.75c06fd6b9
[0m20:31:18.949923 [debug] [Thread-6 (]: Began executing node test.projeto_dw.not_null_fato_metas_mes.c7a9316b90
[0m20:31:18.955057 [debug] [Thread-6 (]: Writing runtime sql for node "test.projeto_dw.not_null_fato_metas_mes.c7a9316b90"
[0m20:31:18.952434 [info ] [Thread-3 (]: 7 of 20 START test not_null_fato_metas_meta_vendas ............................. [RUN]
[0m20:31:18.956228 [debug] [Thread-3 (]: Re-using an available connection from the pool (formerly test.projeto_dw.fato_vendas_quantidade_positiva, now test.projeto_dw.not_null_fato_metas_meta_vendas.75c06fd6b9)
[0m20:31:18.956845 [debug] [Thread-3 (]: Began compiling node test.projeto_dw.not_null_fato_metas_meta_vendas.75c06fd6b9
[0m20:31:18.965268 [debug] [Thread-3 (]: Writing injected SQL for node "test.projeto_dw.not_null_fato_metas_meta_vendas.75c06fd6b9"
[0m20:31:18.966377 [debug] [Thread-6 (]: On test.projeto_dw.not_null_fato_metas_mes.c7a9316b90: /* {"app": "dbt", "dbt_version": "1.12.5", "profile_name": "projeto_dw", "target_name": "dev", "node_id": "test.projeto_dw.not_null_fato_metas_mes.c7a9316b90"} */

    
    select
      count(*) as failures,
      count(*) != 0 as should_warn,
      count(*) != 0 as should_error
    from (
      
    
  
    
    



select mes
from `project-c3b69582-833e-4e2a-88c`.`gold`.`fato_metas`
where mes is null



  
  
      
    ) dbt_internal_test
[0m20:31:18.967237 [debug] [Thread-6 (]: Opening a new connection, currently in state closed
[0m20:31:18.967856 [debug] [Thread-3 (]: Began executing node test.projeto_dw.not_null_fato_metas_meta_vendas.75c06fd6b9
[0m20:31:18.972626 [debug] [Thread-3 (]: Writing runtime sql for node "test.projeto_dw.not_null_fato_metas_meta_vendas.75c06fd6b9"
[0m20:31:18.973764 [debug] [Thread-3 (]: On test.projeto_dw.not_null_fato_metas_meta_vendas.75c06fd6b9: /* {"app": "dbt", "dbt_version": "1.12.5", "profile_name": "projeto_dw", "target_name": "dev", "node_id": "test.projeto_dw.not_null_fato_metas_meta_vendas.75c06fd6b9"} */

    
    select
      count(*) as failures,
      count(*) != 0 as should_warn,
      count(*) != 0 as should_error
    from (
      
    
  
    
    



select meta_vendas
from `project-c3b69582-833e-4e2a-88c`.`gold`.`fato_metas`
where meta_vendas is null



  
  
      
    ) dbt_internal_test
[0m20:31:18.974717 [debug] [Thread-3 (]: Opening a new connection, currently in state closed
[0m20:31:19.003216 [debug] [Thread-4 (]: BigQuery adapter: https://console.cloud.google.com/bigquery?project=project-c3b69582-833e-4e2a-88c&j=bq:southamerica-east1:fd4c6955-0696-4491-8f4c-646c98b789f6&page=queryresults
[0m20:31:19.057182 [debug] [Thread-4 (]: SQL status: OK in 0.053 seconds
[0m20:31:19.143432 [info ] [Thread-4 (]: 2 of 20 PASS fato_vendas_reconciliacao ......................................... [[32mPASS[0m in 1.30s]
[0m20:31:19.144741 [debug] [Thread-4 (]: Finished running node test.projeto_dw.fato_vendas_reconciliacao
[0m20:31:19.145482 [debug] [Thread-4 (]: Began running node test.projeto_dw.not_null_fato_vendas_cliente_id.a60a1c8404
[0m20:31:19.146188 [info ] [Thread-4 (]: 8 of 20 START test not_null_fato_vendas_cliente_id ............................. [RUN]
[0m20:31:19.147236 [debug] [Thread-4 (]: Re-using an available connection from the pool (formerly test.projeto_dw.fato_vendas_reconciliacao, now test.projeto_dw.not_null_fato_vendas_cliente_id.a60a1c8404)
[0m20:31:19.147793 [debug] [Thread-4 (]: Began compiling node test.projeto_dw.not_null_fato_vendas_cliente_id.a60a1c8404
[0m20:31:19.157097 [debug] [Thread-4 (]: Writing injected SQL for node "test.projeto_dw.not_null_fato_vendas_cliente_id.a60a1c8404"
[0m20:31:19.158084 [debug] [Thread-4 (]: Began executing node test.projeto_dw.not_null_fato_vendas_cliente_id.a60a1c8404
[0m20:31:19.160497 [debug] [Thread-4 (]: Writing runtime sql for node "test.projeto_dw.not_null_fato_vendas_cliente_id.a60a1c8404"
[0m20:31:19.161462 [debug] [Thread-4 (]: On test.projeto_dw.not_null_fato_vendas_cliente_id.a60a1c8404: /* {"app": "dbt", "dbt_version": "1.12.5", "profile_name": "projeto_dw", "target_name": "dev", "node_id": "test.projeto_dw.not_null_fato_vendas_cliente_id.a60a1c8404"} */

    
    select
      count(*) as failures,
      count(*) != 0 as should_warn,
      count(*) != 0 as should_error
    from (
      
    
  
    
    



select cliente_id
from `project-c3b69582-833e-4e2a-88c`.`gold`.`fato_vendas`
where cliente_id is null



  
  
      
    ) dbt_internal_test
[0m20:31:19.162177 [debug] [Thread-4 (]: Opening a new connection, currently in state closed
[0m20:31:19.297633 [debug] [Thread-5 (]: BigQuery adapter: https://console.cloud.google.com/bigquery?project=project-c3b69582-833e-4e2a-88c&j=bq:southamerica-east1:de2498a7-e157-48b6-bcac-d24cdc14c938&page=queryresults
[0m20:31:19.350550 [debug] [Thread-5 (]: SQL status: OK in 0.052 seconds
[0m20:31:19.440609 [info ] [Thread-5 (]: 5 of 20 PASS not_null_dim_produtos_produto_id .................................. [[32mPASS[0m in 0.83s]
[0m20:31:19.442588 [debug] [Thread-5 (]: Finished running node test.projeto_dw.not_null_dim_produtos_produto_id.397f08245f
[0m20:31:19.443722 [debug] [Thread-5 (]: Began running node test.projeto_dw.not_null_fato_vendas_item_id.62387d44bd
[0m20:31:19.444520 [info ] [Thread-5 (]: 9 of 20 START test not_null_fato_vendas_item_id ................................ [RUN]
[0m20:31:19.446050 [debug] [Thread-5 (]: Re-using an available connection from the pool (formerly test.projeto_dw.not_null_dim_produtos_produto_id.397f08245f, now test.projeto_dw.not_null_fato_vendas_item_id.62387d44bd)
[0m20:31:19.446810 [debug] [Thread-5 (]: Began compiling node test.projeto_dw.not_null_fato_vendas_item_id.62387d44bd
[0m20:31:19.460215 [debug] [Thread-5 (]: Writing injected SQL for node "test.projeto_dw.not_null_fato_vendas_item_id.62387d44bd"
[0m20:31:19.461569 [debug] [Thread-5 (]: Began executing node test.projeto_dw.not_null_fato_vendas_item_id.62387d44bd
[0m20:31:19.465104 [debug] [Thread-5 (]: Writing runtime sql for node "test.projeto_dw.not_null_fato_vendas_item_id.62387d44bd"
[0m20:31:19.466606 [debug] [Thread-5 (]: On test.projeto_dw.not_null_fato_vendas_item_id.62387d44bd: /* {"app": "dbt", "dbt_version": "1.12.5", "profile_name": "projeto_dw", "target_name": "dev", "node_id": "test.projeto_dw.not_null_fato_vendas_item_id.62387d44bd"} */

    
    select
      count(*) as failures,
      count(*) != 0 as should_warn,
      count(*) != 0 as should_error
    from (
      
    
  
    
    



select item_id
from `project-c3b69582-833e-4e2a-88c`.`gold`.`fato_vendas`
where item_id is null



  
  
      
    ) dbt_internal_test
[0m20:31:19.467618 [debug] [Thread-5 (]: Opening a new connection, currently in state closed
[0m20:31:19.681426 [debug] [Thread-6 (]: BigQuery adapter: https://console.cloud.google.com/bigquery?project=project-c3b69582-833e-4e2a-88c&j=bq:southamerica-east1:39cf9fbb-5a5a-410f-ba69-730161fedf7d&page=queryresults
[0m20:31:19.684720 [debug] [Thread-3 (]: BigQuery adapter: https://console.cloud.google.com/bigquery?project=project-c3b69582-833e-4e2a-88c&j=bq:southamerica-east1:1fc7ea39-0f49-4e38-a4a2-a78bd9eee4b2&page=queryresults
[0m20:31:19.726824 [debug] [Thread-6 (]: SQL status: OK in 0.045 seconds
[0m20:31:19.730281 [debug] [Thread-3 (]: SQL status: OK in 0.045 seconds
[0m20:31:19.820599 [info ] [Thread-3 (]: 7 of 20 PASS not_null_fato_metas_meta_vendas ................................... [[32mPASS[0m in 0.86s]
[0m20:31:19.822102 [debug] [Thread-3 (]: Finished running node test.projeto_dw.not_null_fato_metas_meta_vendas.75c06fd6b9
[0m20:31:19.822963 [debug] [Thread-3 (]: Began running node test.projeto_dw.not_null_fato_vendas_pedido_id.93a9235ba0
[0m20:31:19.823732 [info ] [Thread-3 (]: 10 of 20 START test not_null_fato_vendas_pedido_id ............................. [RUN]
[0m20:31:19.824980 [debug] [Thread-3 (]: Re-using an available connection from the pool (formerly test.projeto_dw.not_null_fato_metas_meta_vendas.75c06fd6b9, now test.projeto_dw.not_null_fato_vendas_pedido_id.93a9235ba0)
[0m20:31:19.826302 [debug] [Thread-3 (]: Began compiling node test.projeto_dw.not_null_fato_vendas_pedido_id.93a9235ba0
[0m20:31:19.836325 [debug] [Thread-3 (]: Writing injected SQL for node "test.projeto_dw.not_null_fato_vendas_pedido_id.93a9235ba0"
[0m20:31:19.841827 [debug] [Thread-3 (]: Began executing node test.projeto_dw.not_null_fato_vendas_pedido_id.93a9235ba0
[0m20:31:19.846491 [debug] [Thread-3 (]: Writing runtime sql for node "test.projeto_dw.not_null_fato_vendas_pedido_id.93a9235ba0"
[0m20:31:19.840799 [info ] [Thread-6 (]: 6 of 20 PASS not_null_fato_metas_mes ........................................... [[32mPASS[0m in 0.91s]
[0m20:31:19.848224 [debug] [Thread-6 (]: Finished running node test.projeto_dw.not_null_fato_metas_mes.c7a9316b90
[0m20:31:19.849001 [debug] [Thread-6 (]: Began running node test.projeto_dw.not_null_fato_vendas_produto_id.3428e3d730
[0m20:31:19.849785 [info ] [Thread-6 (]: 11 of 20 START test not_null_fato_vendas_produto_id ............................ [RUN]
[0m20:31:19.850869 [debug] [Thread-6 (]: Re-using an available connection from the pool (formerly test.projeto_dw.not_null_fato_metas_mes.c7a9316b90, now test.projeto_dw.not_null_fato_vendas_produto_id.3428e3d730)
[0m20:31:19.851531 [debug] [Thread-6 (]: Began compiling node test.projeto_dw.not_null_fato_vendas_produto_id.3428e3d730
[0m20:31:19.860412 [debug] [Thread-6 (]: Writing injected SQL for node "test.projeto_dw.not_null_fato_vendas_produto_id.3428e3d730"
[0m20:31:19.861380 [debug] [Thread-3 (]: On test.projeto_dw.not_null_fato_vendas_pedido_id.93a9235ba0: /* {"app": "dbt", "dbt_version": "1.12.5", "profile_name": "projeto_dw", "target_name": "dev", "node_id": "test.projeto_dw.not_null_fato_vendas_pedido_id.93a9235ba0"} */

    
    select
      count(*) as failures,
      count(*) != 0 as should_warn,
      count(*) != 0 as should_error
    from (
      
    
  
    
    



select pedido_id
from `project-c3b69582-833e-4e2a-88c`.`gold`.`fato_vendas`
where pedido_id is null



  
  
      
    ) dbt_internal_test
[0m20:31:19.862292 [debug] [Thread-3 (]: Opening a new connection, currently in state closed
[0m20:31:19.865179 [debug] [Thread-6 (]: Began executing node test.projeto_dw.not_null_fato_vendas_produto_id.3428e3d730
[0m20:31:19.868394 [debug] [Thread-6 (]: Writing runtime sql for node "test.projeto_dw.not_null_fato_vendas_produto_id.3428e3d730"
[0m20:31:19.869585 [debug] [Thread-6 (]: On test.projeto_dw.not_null_fato_vendas_produto_id.3428e3d730: /* {"app": "dbt", "dbt_version": "1.12.5", "profile_name": "projeto_dw", "target_name": "dev", "node_id": "test.projeto_dw.not_null_fato_vendas_produto_id.3428e3d730"} */

    
    select
      count(*) as failures,
      count(*) != 0 as should_warn,
      count(*) != 0 as should_error
    from (
      
    
  
    
    



select produto_id
from `project-c3b69582-833e-4e2a-88c`.`gold`.`fato_vendas`
where produto_id is null



  
  
      
    ) dbt_internal_test
[0m20:31:19.870400 [debug] [Thread-6 (]: Opening a new connection, currently in state closed
[0m20:31:19.897168 [debug] [Thread-4 (]: BigQuery adapter: https://console.cloud.google.com/bigquery?project=project-c3b69582-833e-4e2a-88c&j=bq:southamerica-east1:c17f81dd-1402-4994-aaa3-8023977f93fd&page=queryresults
[0m20:31:19.945854 [debug] [Thread-4 (]: SQL status: OK in 0.048 seconds
[0m20:31:20.029386 [info ] [Thread-4 (]: 8 of 20 PASS not_null_fato_vendas_cliente_id ................................... [[32mPASS[0m in 0.88s]
[0m20:31:20.030555 [debug] [Thread-4 (]: Finished running node test.projeto_dw.not_null_fato_vendas_cliente_id.a60a1c8404
[0m20:31:20.031380 [debug] [Thread-4 (]: Began running node test.projeto_dw.not_null_kpi_mensal_mes.e62f8c7db7
[0m20:31:20.031976 [info ] [Thread-4 (]: 12 of 20 START test not_null_kpi_mensal_mes .................................... [RUN]
[0m20:31:20.033078 [debug] [Thread-4 (]: Re-using an available connection from the pool (formerly test.projeto_dw.not_null_fato_vendas_cliente_id.a60a1c8404, now test.projeto_dw.not_null_kpi_mensal_mes.e62f8c7db7)
[0m20:31:20.033653 [debug] [Thread-4 (]: Began compiling node test.projeto_dw.not_null_kpi_mensal_mes.e62f8c7db7
[0m20:31:20.043037 [debug] [Thread-4 (]: Writing injected SQL for node "test.projeto_dw.not_null_kpi_mensal_mes.e62f8c7db7"
[0m20:31:20.044063 [debug] [Thread-4 (]: Began executing node test.projeto_dw.not_null_kpi_mensal_mes.e62f8c7db7
[0m20:31:20.046737 [debug] [Thread-4 (]: Writing runtime sql for node "test.projeto_dw.not_null_kpi_mensal_mes.e62f8c7db7"
[0m20:31:20.047686 [debug] [Thread-4 (]: On test.projeto_dw.not_null_kpi_mensal_mes.e62f8c7db7: /* {"app": "dbt", "dbt_version": "1.12.5", "profile_name": "projeto_dw", "target_name": "dev", "node_id": "test.projeto_dw.not_null_kpi_mensal_mes.e62f8c7db7"} */

    
    select
      count(*) as failures,
      count(*) != 0 as should_warn,
      count(*) != 0 as should_error
    from (
      
    
  
    
    



select mes
from `project-c3b69582-833e-4e2a-88c`.`gold`.`kpi_mensal`
where mes is null



  
  
      
    ) dbt_internal_test
[0m20:31:20.048373 [debug] [Thread-4 (]: Opening a new connection, currently in state closed
[0m20:31:20.194200 [debug] [Thread-5 (]: BigQuery adapter: https://console.cloud.google.com/bigquery?project=project-c3b69582-833e-4e2a-88c&j=bq:southamerica-east1:69a5cc04-d69d-43f7-84b0-016a1379cd1e&page=queryresults
[0m20:31:20.252891 [debug] [Thread-5 (]: SQL status: OK in 0.058 seconds
[0m20:31:20.343666 [info ] [Thread-5 (]: 9 of 20 PASS not_null_fato_vendas_item_id ...................................... [[32mPASS[0m in 0.90s]
[0m20:31:20.345000 [debug] [Thread-5 (]: Finished running node test.projeto_dw.not_null_fato_vendas_item_id.62387d44bd
[0m20:31:20.345801 [debug] [Thread-5 (]: Began running node test.projeto_dw.relationships_fato_vendas_cliente_id__cliente_id__ref_dim_clientes_.6fcfaa8d2a
[0m20:31:20.346583 [info ] [Thread-5 (]: 13 of 20 START test relationships_fato_vendas_cliente_id__cliente_id__ref_dim_clientes_  [RUN]
[0m20:31:20.347414 [debug] [Thread-5 (]: Re-using an available connection from the pool (formerly test.projeto_dw.not_null_fato_vendas_item_id.62387d44bd, now test.projeto_dw.relationships_fato_vendas_cliente_id__cliente_id__ref_dim_clientes_.6fcfaa8d2a)
[0m20:31:20.347973 [debug] [Thread-5 (]: Began compiling node test.projeto_dw.relationships_fato_vendas_cliente_id__cliente_id__ref_dim_clientes_.6fcfaa8d2a
[0m20:31:20.369928 [debug] [Thread-5 (]: Writing injected SQL for node "test.projeto_dw.relationships_fato_vendas_cliente_id__cliente_id__ref_dim_clientes_.6fcfaa8d2a"
[0m20:31:20.370994 [debug] [Thread-5 (]: Began executing node test.projeto_dw.relationships_fato_vendas_cliente_id__cliente_id__ref_dim_clientes_.6fcfaa8d2a
[0m20:31:20.373318 [debug] [Thread-5 (]: Writing runtime sql for node "test.projeto_dw.relationships_fato_vendas_cliente_id__cliente_id__ref_dim_clientes_.6fcfaa8d2a"
[0m20:31:20.374248 [debug] [Thread-5 (]: On test.projeto_dw.relationships_fato_vendas_cliente_id__cliente_id__ref_dim_clientes_.6fcfaa8d2a: /* {"app": "dbt", "dbt_version": "1.12.5", "profile_name": "projeto_dw", "target_name": "dev", "node_id": "test.projeto_dw.relationships_fato_vendas_cliente_id__cliente_id__ref_dim_clientes_.6fcfaa8d2a"} */

    
    select
      count(*) as failures,
      count(*) != 0 as should_warn,
      count(*) != 0 as should_error
    from (
      
    
  
    
    

with child as (
    select cliente_id as from_field
    from `project-c3b69582-833e-4e2a-88c`.`gold`.`fato_vendas`
    where cliente_id is not null
),

parent as (
    select cliente_id as to_field
    from `project-c3b69582-833e-4e2a-88c`.`gold`.`dim_clientes`
)

select
    from_field

from child
left join parent
    on child.from_field = parent.to_field

where parent.to_field is null



  
  
      
    ) dbt_internal_test
[0m20:31:20.374950 [debug] [Thread-5 (]: Opening a new connection, currently in state closed
[0m20:31:20.603511 [debug] [Thread-6 (]: BigQuery adapter: https://console.cloud.google.com/bigquery?project=project-c3b69582-833e-4e2a-88c&j=bq:southamerica-east1:0a170714-85fc-48f9-bef3-373f6eed411d&page=queryresults
[0m20:31:20.617495 [debug] [Thread-3 (]: BigQuery adapter: https://console.cloud.google.com/bigquery?project=project-c3b69582-833e-4e2a-88c&j=bq:southamerica-east1:8cadb88b-6be9-4e30-9b1a-dcd8eefa7478&page=queryresults
[0m20:31:20.658247 [debug] [Thread-6 (]: SQL status: OK in 0.054 seconds
[0m20:31:20.662732 [debug] [Thread-3 (]: SQL status: OK in 0.044 seconds
[0m20:31:20.758933 [info ] [Thread-6 (]: 11 of 20 PASS not_null_fato_vendas_produto_id .................................. [[32mPASS[0m in 0.91s]
[0m20:31:20.760359 [debug] [Thread-6 (]: Finished running node test.projeto_dw.not_null_fato_vendas_produto_id.3428e3d730
[0m20:31:20.761005 [debug] [Thread-6 (]: Began running node test.projeto_dw.relationships_fato_vendas_produto_id__produto_id__ref_dim_produtos_.3357cad2ed
[0m20:31:20.761710 [info ] [Thread-6 (]: 14 of 20 START test relationships_fato_vendas_produto_id__produto_id__ref_dim_produtos_  [RUN]
[0m20:31:20.762644 [debug] [Thread-6 (]: Re-using an available connection from the pool (formerly test.projeto_dw.not_null_fato_vendas_produto_id.3428e3d730, now test.projeto_dw.relationships_fato_vendas_produto_id__produto_id__ref_dim_produtos_.3357cad2ed)
[0m20:31:20.763216 [debug] [Thread-6 (]: Began compiling node test.projeto_dw.relationships_fato_vendas_produto_id__produto_id__ref_dim_produtos_.3357cad2ed
[0m20:31:20.783075 [debug] [Thread-6 (]: Writing injected SQL for node "test.projeto_dw.relationships_fato_vendas_produto_id__produto_id__ref_dim_produtos_.3357cad2ed"
[0m20:31:20.784944 [debug] [Thread-6 (]: Began executing node test.projeto_dw.relationships_fato_vendas_produto_id__produto_id__ref_dim_produtos_.3357cad2ed
[0m20:31:20.787975 [debug] [Thread-6 (]: Writing runtime sql for node "test.projeto_dw.relationships_fato_vendas_produto_id__produto_id__ref_dim_produtos_.3357cad2ed"
[0m20:31:20.790471 [debug] [Thread-6 (]: On test.projeto_dw.relationships_fato_vendas_produto_id__produto_id__ref_dim_produtos_.3357cad2ed: /* {"app": "dbt", "dbt_version": "1.12.5", "profile_name": "projeto_dw", "target_name": "dev", "node_id": "test.projeto_dw.relationships_fato_vendas_produto_id__produto_id__ref_dim_produtos_.3357cad2ed"} */

    
    select
      count(*) as failures,
      count(*) != 0 as should_warn,
      count(*) != 0 as should_error
    from (
      
    
  
    
    

with child as (
    select produto_id as from_field
    from `project-c3b69582-833e-4e2a-88c`.`gold`.`fato_vendas`
    where produto_id is not null
),

parent as (
    select produto_id as to_field
    from `project-c3b69582-833e-4e2a-88c`.`gold`.`dim_produtos`
)

select
    from_field

from child
left join parent
    on child.from_field = parent.to_field

where parent.to_field is null



  
  
      
    ) dbt_internal_test
[0m20:31:20.795332 [debug] [Thread-6 (]: Opening a new connection, currently in state closed
[0m20:31:20.793867 [info ] [Thread-3 (]: 10 of 20 PASS not_null_fato_vendas_pedido_id ................................... [[32mPASS[0m in 0.97s]
[0m20:31:20.797433 [debug] [Thread-3 (]: Finished running node test.projeto_dw.not_null_fato_vendas_pedido_id.93a9235ba0
[0m20:31:20.798344 [debug] [Thread-3 (]: Began running node test.projeto_dw.unique_dim_calendario_data.c2ff14cb64
[0m20:31:20.800461 [info ] [Thread-3 (]: 15 of 20 START test unique_dim_calendario_data ................................. [RUN]
[0m20:31:20.802554 [debug] [Thread-3 (]: Re-using an available connection from the pool (formerly test.projeto_dw.not_null_fato_vendas_pedido_id.93a9235ba0, now test.projeto_dw.unique_dim_calendario_data.c2ff14cb64)
[0m20:31:20.803597 [debug] [Thread-3 (]: Began compiling node test.projeto_dw.unique_dim_calendario_data.c2ff14cb64
[0m20:31:20.805393 [debug] [Thread-4 (]: BigQuery adapter: https://console.cloud.google.com/bigquery?project=project-c3b69582-833e-4e2a-88c&j=bq:southamerica-east1:c241727a-15bc-4ca5-b8e2-bedff297ba88&page=queryresults
[0m20:31:20.818565 [debug] [Thread-3 (]: Writing injected SQL for node "test.projeto_dw.unique_dim_calendario_data.c2ff14cb64"
[0m20:31:20.820600 [debug] [Thread-3 (]: Began executing node test.projeto_dw.unique_dim_calendario_data.c2ff14cb64
[0m20:31:20.826062 [debug] [Thread-3 (]: Writing runtime sql for node "test.projeto_dw.unique_dim_calendario_data.c2ff14cb64"
[0m20:31:20.827511 [debug] [Thread-3 (]: On test.projeto_dw.unique_dim_calendario_data.c2ff14cb64: /* {"app": "dbt", "dbt_version": "1.12.5", "profile_name": "projeto_dw", "target_name": "dev", "node_id": "test.projeto_dw.unique_dim_calendario_data.c2ff14cb64"} */

    
    select
      count(*) as failures,
      count(*) != 0 as should_warn,
      count(*) != 0 as should_error
    from (
      
    
  
    
    

with dbt_test__target as (

  select data as unique_field
  from `project-c3b69582-833e-4e2a-88c`.`gold`.`dim_calendario`
  where data is not null

)

select
    unique_field,
    count(*) as n_records

from dbt_test__target
group by unique_field
having count(*) > 1



  
  
      
    ) dbt_internal_test
[0m20:31:20.828528 [debug] [Thread-3 (]: Opening a new connection, currently in state closed
[0m20:31:20.865906 [debug] [Thread-4 (]: SQL status: OK in 0.049 seconds
[0m20:31:20.953626 [info ] [Thread-4 (]: 12 of 20 PASS not_null_kpi_mensal_mes .......................................... [[32mPASS[0m in 0.92s]
[0m20:31:20.954969 [debug] [Thread-4 (]: Finished running node test.projeto_dw.not_null_kpi_mensal_mes.e62f8c7db7
[0m20:31:20.955671 [debug] [Thread-4 (]: Began running node test.projeto_dw.unique_dim_clientes_cliente_id.3b564a3bce
[0m20:31:20.956248 [info ] [Thread-4 (]: 16 of 20 START test unique_dim_clientes_cliente_id ............................. [RUN]
[0m20:31:20.957420 [debug] [Thread-4 (]: Re-using an available connection from the pool (formerly test.projeto_dw.not_null_kpi_mensal_mes.e62f8c7db7, now test.projeto_dw.unique_dim_clientes_cliente_id.3b564a3bce)
[0m20:31:20.958021 [debug] [Thread-4 (]: Began compiling node test.projeto_dw.unique_dim_clientes_cliente_id.3b564a3bce
[0m20:31:20.967526 [debug] [Thread-4 (]: Writing injected SQL for node "test.projeto_dw.unique_dim_clientes_cliente_id.3b564a3bce"
[0m20:31:20.968498 [debug] [Thread-4 (]: Began executing node test.projeto_dw.unique_dim_clientes_cliente_id.3b564a3bce
[0m20:31:20.970809 [debug] [Thread-4 (]: Writing runtime sql for node "test.projeto_dw.unique_dim_clientes_cliente_id.3b564a3bce"
[0m20:31:20.971759 [debug] [Thread-4 (]: On test.projeto_dw.unique_dim_clientes_cliente_id.3b564a3bce: /* {"app": "dbt", "dbt_version": "1.12.5", "profile_name": "projeto_dw", "target_name": "dev", "node_id": "test.projeto_dw.unique_dim_clientes_cliente_id.3b564a3bce"} */

    
    select
      count(*) as failures,
      count(*) != 0 as should_warn,
      count(*) != 0 as should_error
    from (
      
    
  
    
    

with dbt_test__target as (

  select cliente_id as unique_field
  from `project-c3b69582-833e-4e2a-88c`.`gold`.`dim_clientes`
  where cliente_id is not null

)

select
    unique_field,
    count(*) as n_records

from dbt_test__target
group by unique_field
having count(*) > 1



  
  
      
    ) dbt_internal_test
[0m20:31:20.972466 [debug] [Thread-4 (]: Opening a new connection, currently in state closed
[0m20:31:21.100016 [debug] [Thread-5 (]: BigQuery adapter: https://console.cloud.google.com/bigquery?project=project-c3b69582-833e-4e2a-88c&j=bq:southamerica-east1:28ecfbf6-320a-4f86-95e5-fcbcd372327d&page=queryresults
[0m20:31:21.193645 [debug] [Thread-5 (]: SQL status: OK in 0.093 seconds
[0m20:31:21.271543 [debug] [Thread-3 (]: BigQuery adapter: https://console.cloud.google.com/bigquery?project=project-c3b69582-833e-4e2a-88c&j=bq:southamerica-east1:7de66486-65a0-470c-bb5a-e62dbae2b8fb&page=queryresults
[0m20:31:21.278451 [info ] [Thread-5 (]: 13 of 20 PASS relationships_fato_vendas_cliente_id__cliente_id__ref_dim_clientes_  [[32mPASS[0m in 0.93s]
[0m20:31:21.279696 [debug] [Thread-5 (]: Finished running node test.projeto_dw.relationships_fato_vendas_cliente_id__cliente_id__ref_dim_clientes_.6fcfaa8d2a
[0m20:31:21.280389 [debug] [Thread-5 (]: Began running node test.projeto_dw.unique_dim_produtos_produto_id.7d54c42ab2
[0m20:31:21.281039 [info ] [Thread-5 (]: 17 of 20 START test unique_dim_produtos_produto_id ............................. [RUN]
[0m20:31:21.281912 [debug] [Thread-5 (]: Re-using an available connection from the pool (formerly test.projeto_dw.relationships_fato_vendas_cliente_id__cliente_id__ref_dim_clientes_.6fcfaa8d2a, now test.projeto_dw.unique_dim_produtos_produto_id.7d54c42ab2)
[0m20:31:21.282507 [debug] [Thread-5 (]: Began compiling node test.projeto_dw.unique_dim_produtos_produto_id.7d54c42ab2
[0m20:31:21.291763 [debug] [Thread-5 (]: Writing injected SQL for node "test.projeto_dw.unique_dim_produtos_produto_id.7d54c42ab2"
[0m20:31:21.292778 [debug] [Thread-5 (]: Began executing node test.projeto_dw.unique_dim_produtos_produto_id.7d54c42ab2
[0m20:31:21.295096 [debug] [Thread-5 (]: Writing runtime sql for node "test.projeto_dw.unique_dim_produtos_produto_id.7d54c42ab2"
[0m20:31:21.296193 [debug] [Thread-5 (]: On test.projeto_dw.unique_dim_produtos_produto_id.7d54c42ab2: /* {"app": "dbt", "dbt_version": "1.12.5", "profile_name": "projeto_dw", "target_name": "dev", "node_id": "test.projeto_dw.unique_dim_produtos_produto_id.7d54c42ab2"} */

    
    select
      count(*) as failures,
      count(*) != 0 as should_warn,
      count(*) != 0 as should_error
    from (
      
    
  
    
    

with dbt_test__target as (

  select produto_id as unique_field
  from `project-c3b69582-833e-4e2a-88c`.`gold`.`dim_produtos`
  where produto_id is not null

)

select
    unique_field,
    count(*) as n_records

from dbt_test__target
group by unique_field
having count(*) > 1



  
  
      
    ) dbt_internal_test
[0m20:31:21.296890 [debug] [Thread-5 (]: Opening a new connection, currently in state closed
[0m20:31:21.317740 [debug] [Thread-3 (]: SQL status: OK in 0.045 seconds
[0m20:31:21.408270 [info ] [Thread-3 (]: 15 of 20 PASS unique_dim_calendario_data ....................................... [[32mPASS[0m in 0.61s]
[0m20:31:21.409662 [debug] [Thread-3 (]: Finished running node test.projeto_dw.unique_dim_calendario_data.c2ff14cb64
[0m20:31:21.410443 [debug] [Thread-3 (]: Began running node test.projeto_dw.unique_fato_metas_mes.6fac1126c6
[0m20:31:21.410988 [info ] [Thread-3 (]: 18 of 20 START test unique_fato_metas_mes ...................................... [RUN]
[0m20:31:21.412051 [debug] [Thread-3 (]: Re-using an available connection from the pool (formerly test.projeto_dw.unique_dim_calendario_data.c2ff14cb64, now test.projeto_dw.unique_fato_metas_mes.6fac1126c6)
[0m20:31:21.412640 [debug] [Thread-3 (]: Began compiling node test.projeto_dw.unique_fato_metas_mes.6fac1126c6
[0m20:31:21.422013 [debug] [Thread-3 (]: Writing injected SQL for node "test.projeto_dw.unique_fato_metas_mes.6fac1126c6"
[0m20:31:21.423298 [debug] [Thread-3 (]: Began executing node test.projeto_dw.unique_fato_metas_mes.6fac1126c6
[0m20:31:21.426098 [debug] [Thread-3 (]: Writing runtime sql for node "test.projeto_dw.unique_fato_metas_mes.6fac1126c6"
[0m20:31:21.427191 [debug] [Thread-3 (]: On test.projeto_dw.unique_fato_metas_mes.6fac1126c6: /* {"app": "dbt", "dbt_version": "1.12.5", "profile_name": "projeto_dw", "target_name": "dev", "node_id": "test.projeto_dw.unique_fato_metas_mes.6fac1126c6"} */

    
    select
      count(*) as failures,
      count(*) != 0 as should_warn,
      count(*) != 0 as should_error
    from (
      
    
  
    
    

with dbt_test__target as (

  select mes as unique_field
  from `project-c3b69582-833e-4e2a-88c`.`gold`.`fato_metas`
  where mes is not null

)

select
    unique_field,
    count(*) as n_records

from dbt_test__target
group by unique_field
having count(*) > 1



  
  
      
    ) dbt_internal_test
[0m20:31:21.427928 [debug] [Thread-3 (]: Opening a new connection, currently in state closed
[0m20:31:21.497465 [debug] [Thread-6 (]: BigQuery adapter: https://console.cloud.google.com/bigquery?project=project-c3b69582-833e-4e2a-88c&j=bq:southamerica-east1:584903ea-65fa-4125-8571-0f8ee7c29376&page=queryresults
[0m20:31:21.543715 [debug] [Thread-6 (]: SQL status: OK in 0.045 seconds
[0m20:31:21.651039 [info ] [Thread-6 (]: 14 of 20 PASS relationships_fato_vendas_produto_id__produto_id__ref_dim_produtos_  [[32mPASS[0m in 0.89s]
[0m20:31:21.652677 [debug] [Thread-6 (]: Finished running node test.projeto_dw.relationships_fato_vendas_produto_id__produto_id__ref_dim_produtos_.3357cad2ed
[0m20:31:21.653981 [debug] [Thread-6 (]: Began running node test.projeto_dw.unique_fato_vendas_item_id.13f9ceb8d1
[0m20:31:21.654993 [info ] [Thread-6 (]: 19 of 20 START test unique_fato_vendas_item_id ................................. [RUN]
[0m20:31:21.656525 [debug] [Thread-6 (]: Re-using an available connection from the pool (formerly test.projeto_dw.relationships_fato_vendas_produto_id__produto_id__ref_dim_produtos_.3357cad2ed, now test.projeto_dw.unique_fato_vendas_item_id.13f9ceb8d1)
[0m20:31:21.657119 [debug] [Thread-6 (]: Began compiling node test.projeto_dw.unique_fato_vendas_item_id.13f9ceb8d1
[0m20:31:21.666488 [debug] [Thread-6 (]: Writing injected SQL for node "test.projeto_dw.unique_fato_vendas_item_id.13f9ceb8d1"
[0m20:31:21.667512 [debug] [Thread-6 (]: Began executing node test.projeto_dw.unique_fato_vendas_item_id.13f9ceb8d1
[0m20:31:21.669950 [debug] [Thread-6 (]: Writing runtime sql for node "test.projeto_dw.unique_fato_vendas_item_id.13f9ceb8d1"
[0m20:31:21.670974 [debug] [Thread-6 (]: On test.projeto_dw.unique_fato_vendas_item_id.13f9ceb8d1: /* {"app": "dbt", "dbt_version": "1.12.5", "profile_name": "projeto_dw", "target_name": "dev", "node_id": "test.projeto_dw.unique_fato_vendas_item_id.13f9ceb8d1"} */

    
    select
      count(*) as failures,
      count(*) != 0 as should_warn,
      count(*) != 0 as should_error
    from (
      
    
  
    
    

with dbt_test__target as (

  select item_id as unique_field
  from `project-c3b69582-833e-4e2a-88c`.`gold`.`fato_vendas`
  where item_id is not null

)

select
    unique_field,
    count(*) as n_records

from dbt_test__target
group by unique_field
having count(*) > 1



  
  
      
    ) dbt_internal_test
[0m20:31:21.671974 [debug] [Thread-6 (]: Opening a new connection, currently in state closed
[0m20:31:21.742544 [debug] [Thread-4 (]: BigQuery adapter: https://console.cloud.google.com/bigquery?project=project-c3b69582-833e-4e2a-88c&j=bq:southamerica-east1:8a7721f8-d069-4ae1-846a-1ee9d1afa9bd&page=queryresults
[0m20:31:21.789638 [debug] [Thread-4 (]: SQL status: OK in 0.046 seconds
[0m20:31:21.946781 [info ] [Thread-4 (]: 16 of 20 PASS unique_dim_clientes_cliente_id ................................... [[32mPASS[0m in 0.99s]
[0m20:31:21.948569 [debug] [Thread-4 (]: Finished running node test.projeto_dw.unique_dim_clientes_cliente_id.3b564a3bce
[0m20:31:21.949467 [debug] [Thread-4 (]: Began running node test.projeto_dw.unique_kpi_mensal_mes.0450c9d6a2
[0m20:31:21.950269 [info ] [Thread-4 (]: 20 of 20 START test unique_kpi_mensal_mes ...................................... [RUN]
[0m20:31:21.951474 [debug] [Thread-4 (]: Re-using an available connection from the pool (formerly test.projeto_dw.unique_dim_clientes_cliente_id.3b564a3bce, now test.projeto_dw.unique_kpi_mensal_mes.0450c9d6a2)
[0m20:31:21.952080 [debug] [Thread-4 (]: Began compiling node test.projeto_dw.unique_kpi_mensal_mes.0450c9d6a2
[0m20:31:21.961683 [debug] [Thread-4 (]: Writing injected SQL for node "test.projeto_dw.unique_kpi_mensal_mes.0450c9d6a2"
[0m20:31:21.962697 [debug] [Thread-4 (]: Began executing node test.projeto_dw.unique_kpi_mensal_mes.0450c9d6a2
[0m20:31:21.965072 [debug] [Thread-4 (]: Writing runtime sql for node "test.projeto_dw.unique_kpi_mensal_mes.0450c9d6a2"
[0m20:31:21.966033 [debug] [Thread-4 (]: On test.projeto_dw.unique_kpi_mensal_mes.0450c9d6a2: /* {"app": "dbt", "dbt_version": "1.12.5", "profile_name": "projeto_dw", "target_name": "dev", "node_id": "test.projeto_dw.unique_kpi_mensal_mes.0450c9d6a2"} */

    
    select
      count(*) as failures,
      count(*) != 0 as should_warn,
      count(*) != 0 as should_error
    from (
      
    
  
    
    

with dbt_test__target as (

  select mes as unique_field
  from `project-c3b69582-833e-4e2a-88c`.`gold`.`kpi_mensal`
  where mes is not null

)

select
    unique_field,
    count(*) as n_records

from dbt_test__target
group by unique_field
having count(*) > 1



  
  
      
    ) dbt_internal_test
[0m20:31:21.966774 [debug] [Thread-4 (]: Opening a new connection, currently in state closed
[0m20:31:21.974470 [debug] [Thread-5 (]: BigQuery adapter: https://console.cloud.google.com/bigquery?project=project-c3b69582-833e-4e2a-88c&j=bq:southamerica-east1:d078acc3-6220-4bd8-83e2-50a7a0e61dd0&page=queryresults
[0m20:31:22.069088 [debug] [Thread-5 (]: SQL status: OK in 0.094 seconds
[0m20:31:22.072364 [debug] [Thread-3 (]: BigQuery adapter: https://console.cloud.google.com/bigquery?project=project-c3b69582-833e-4e2a-88c&j=bq:southamerica-east1:d3167459-89d7-4034-a678-448e2eb57cee&page=queryresults
[0m20:31:22.116574 [debug] [Thread-3 (]: SQL status: OK in 0.044 seconds
[0m20:31:22.162539 [info ] [Thread-5 (]: 17 of 20 PASS unique_dim_produtos_produto_id ................................... [[32mPASS[0m in 0.88s]
[0m20:31:22.163783 [debug] [Thread-5 (]: Finished running node test.projeto_dw.unique_dim_produtos_produto_id.7d54c42ab2
[0m20:31:22.206409 [info ] [Thread-3 (]: 18 of 20 PASS unique_fato_metas_mes ............................................ [[32mPASS[0m in 0.79s]
[0m20:31:22.207674 [debug] [Thread-3 (]: Finished running node test.projeto_dw.unique_fato_metas_mes.6fac1126c6
[0m20:31:22.436899 [debug] [Thread-6 (]: BigQuery adapter: https://console.cloud.google.com/bigquery?project=project-c3b69582-833e-4e2a-88c&j=bq:southamerica-east1:ff239e2b-d606-466b-a452-5754718fb6ff&page=queryresults
[0m20:31:22.492119 [debug] [Thread-6 (]: SQL status: OK in 0.054 seconds
[0m20:31:22.573818 [info ] [Thread-6 (]: 19 of 20 PASS unique_fato_vendas_item_id ....................................... [[32mPASS[0m in 0.92s]
[0m20:31:22.575193 [debug] [Thread-6 (]: Finished running node test.projeto_dw.unique_fato_vendas_item_id.13f9ceb8d1
[0m20:31:22.715451 [debug] [Thread-4 (]: BigQuery adapter: https://console.cloud.google.com/bigquery?project=project-c3b69582-833e-4e2a-88c&j=bq:southamerica-east1:b96ee062-e5ba-4583-867b-d503ed840a69&page=queryresults
[0m20:31:22.763567 [debug] [Thread-4 (]: SQL status: OK in 0.047 seconds
[0m20:31:22.855652 [info ] [Thread-4 (]: 20 of 20 PASS unique_kpi_mensal_mes ............................................ [[32mPASS[0m in 0.90s]
[0m20:31:22.857092 [debug] [Thread-4 (]: Finished running node test.projeto_dw.unique_kpi_mensal_mes.0450c9d6a2
[0m20:31:22.860167 [debug] [MainThread]: Opening a new connection, currently in state closed
[0m20:31:22.861272 [debug] [MainThread]: Connection 'master' was properly closed.
[0m20:31:22.861758 [debug] [MainThread]: Connection 'test.projeto_dw.unique_kpi_mensal_mes.0450c9d6a2' was properly closed.
[0m20:31:22.862203 [debug] [MainThread]: Connection 'test.projeto_dw.unique_fato_metas_mes.6fac1126c6' was properly closed.
[0m20:31:22.862588 [debug] [MainThread]: Connection 'test.projeto_dw.unique_dim_produtos_produto_id.7d54c42ab2' was properly closed.
[0m20:31:22.862916 [debug] [MainThread]: Connection 'test.projeto_dw.unique_fato_vendas_item_id.13f9ceb8d1' was properly closed.
[0m20:31:22.863459 [info ] [MainThread]: 
[0m20:31:22.864278 [info ] [MainThread]: Finished running 20 data tests in 0 hours 0 minutes and 5.38 seconds (5.38s).
[0m20:31:22.868792 [debug] [MainThread]: Command end result
[0m20:31:22.938937 [debug] [MainThread]: Wrote artifact WritableManifest to /usr/local/airflow/include/projeto_dw/target/manifest.json
[0m20:31:22.943382 [debug] [MainThread]: Wrote artifact SemanticManifest to /usr/local/airflow/include/projeto_dw/target/semantic_manifest.json
[0m20:31:22.947963 [debug] [MainThread]: Wrote artifact OsiDocument to /usr/local/airflow/include/projeto_dw/target/osi_document.json
[0m20:31:22.961400 [debug] [MainThread]: Wrote artifact RunExecutionResult to /usr/local/airflow/include/projeto_dw/target/run_results.json
[0m20:31:22.962004 [info ] [MainThread]: 
[0m20:31:22.962840 [info ] [MainThread]: [32mCompleted successfully[0m
[0m20:31:22.963594 [info ] [MainThread]: 
[0m20:31:22.964342 [info ] [MainThread]: Done. PASS=20 WARN=0 ERROR=0 SKIP=0 NO-OP=0 REUSED=0 TOTAL=20
[0m20:31:22.965570 [debug] [MainThread]: Resource report: {"command_name": "test", "command_success": true, "command_wall_clock_time": 10.334724, "process_in_blocks": "0", "process_kernel_time": 0.759627, "process_mem_max_rss": "318208", "process_out_blocks": "4872", "process_user_time": 10.412373}
[0m20:31:22.966311 [debug] [MainThread]: Command `dbt test` succeeded at 20:31:22.966125 after 10.34 seconds
[0m20:31:22.966818 [debug] [MainThread]: Sending event: {'category': 'dbt', 'action': 'invocation', 'label': 'end', 'context': [<snowplow_tracker.self_describing_json.SelfDescribingJson object at 0x7a75573a6d50>, <snowplow_tracker.self_describing_json.SelfDescribingJson object at 0x7a755741bee0>, <snowplow_tracker.self_describing_json.SelfDescribingJson object at 0x7a7557419650>]}
[0m20:31:22.967351 [debug] [MainThread]: Flushing usage events
[0m20:31:23.476426 [debug] [MainThread]: An error was encountered while trying to flush usage events
[0m20:31:50.191997 [debug] [MainThread]: Sending event: {'category': 'dbt', 'action': 'invocation', 'label': 'start', 'context': [<snowplow_tracker.self_describing_json.SelfDescribingJson object at 0x77debc22a3c0>, <snowplow_tracker.self_describing_json.SelfDescribingJson object at 0x77debe1b4a50>, <snowplow_tracker.self_describing_json.SelfDescribingJson object at 0x77deba9f7890>]}


============================== 20:31:50.198097 | e5fca596-4471-42ef-bd0a-ec9569382f86 ==============================
[0m20:31:50.198097 [info ] [MainThread]: Running with dbt=1.12.5
[0m20:31:50.199314 [debug] [MainThread]: running dbt with arguments {'log_path': '/usr/local/airflow/include/projeto_dw/logs', 'partial_parse': 'True', 'printer_width': '80', 'quiet': 'False', 'indirect_selection': 'eager', 'cache_selected_only': 'False', 'use_colors': 'True', 'hints_enabled': 'True', 'no_print': 'None', 'invocation_command': 'dbt test --profiles-dir /home/astro/.dbt', 'debug': 'False', 'write_json': 'True', 'profiles_dir': '/home/astro/.dbt', 'static_parser': 'True', 'fail_fast': 'False', 'send_anonymous_usage_stats': 'True', 'target_path': 'None', 'version_check': 'True', 'introspect': 'True', 'maximum_seed_size_mib': '1', 'log_format': 'default', 'warn_error': 'None', 'warn_error_options': 'WarnErrorOptionsV2(error=[], warn=[], silence=[])', 'use_experimental_parser': 'False', 'log_cache_events': 'False', 'empty': 'None'}
[0m20:31:53.650063 [debug] [MainThread]: Sending event: {'category': 'dbt', 'action': 'project_id', 'label': 'e5fca596-4471-42ef-bd0a-ec9569382f86', 'context': [<snowplow_tracker.self_describing_json.SelfDescribingJson object at 0x77dea30850f0>]}
[0m20:31:53.764921 [debug] [MainThread]: Sending event: {'category': 'dbt', 'action': 'adapter_info', 'label': 'e5fca596-4471-42ef-bd0a-ec9569382f86', 'context': [<snowplow_tracker.self_describing_json.SelfDescribingJson object at 0x77debe1567a0>]}
[0m20:31:53.766231 [info ] [MainThread]: Registered adapter: bigquery=1.12.1
[0m20:31:53.955195 [debug] [MainThread]: checksum: 22bc04b104bea0da067adfb288e6ba424fcb4a4f4349f53ee8805d9c99dc5146, vars: {}, profile: projeto_dw, target: dev, version: 1.12.5
[0m20:31:54.399971 [debug] [MainThread]: Partial parsing enabled: 0 files deleted, 0 files added, 0 files changed.
[0m20:31:54.400846 [debug] [MainThread]: Nothing changed, skipping partial parsing.
[0m20:31:54.401477 [debug] [MainThread]: Partial parsing enabled, no changes found, skipping parsing
[0m20:31:54.423018 [debug] [MainThread]: Sending event: {'category': 'dbt', 'action': 'load_project', 'label': 'e5fca596-4471-42ef-bd0a-ec9569382f86', 'context': [<snowplow_tracker.self_describing_json.SelfDescribingJson object at 0x77dea2c01750>]}
[0m20:31:54.674519 [debug] [MainThread]: Wrote artifact WritableManifest to /usr/local/airflow/include/projeto_dw/target/manifest.json
[0m20:31:54.680775 [debug] [MainThread]: Wrote artifact SemanticManifest to /usr/local/airflow/include/projeto_dw/target/semantic_manifest.json
[0m20:31:54.733407 [debug] [MainThread]: Wrote artifact OsiDocument to /usr/local/airflow/include/projeto_dw/target/osi_document.json
[0m20:31:55.004032 [debug] [MainThread]: Sending event: {'category': 'dbt', 'action': 'resource_counts', 'label': 'e5fca596-4471-42ef-bd0a-ec9569382f86', 'context': [<snowplow_tracker.self_describing_json.SelfDescribingJson object at 0x77dea2adc6e0>]}
[0m20:31:55.004947 [info ] [MainThread]: Found 12 models, 20 data tests, 6 sources, 562 macros
[0m20:31:55.005760 [debug] [MainThread]: Sending event: {'category': 'dbt', 'action': 'runnable_timing', 'label': 'e5fca596-4471-42ef-bd0a-ec9569382f86', 'context': [<snowplow_tracker.self_describing_json.SelfDescribingJson object at 0x77dea203cc90>]}
[0m20:31:55.010811 [info ] [MainThread]: 
[0m20:31:55.011676 [info ] [MainThread]: Concurrency: 4 threads (target='dev')
[0m20:31:55.012458 [info ] [MainThread]: 
[0m20:31:55.013593 [debug] [MainThread]: Acquiring new bigquery connection 'master'
[0m20:31:55.020353 [debug] [ThreadPool]: Acquiring new bigquery connection 'list_project-c3b69582-833e-4e2a-88c_silver'
[0m20:31:55.022162 [debug] [ThreadPool]: Opening a new connection, currently in state init
[0m20:31:55.021580 [debug] [ThreadPool]: Acquiring new bigquery connection 'list_project-c3b69582-833e-4e2a-88c_gold'
[0m20:31:55.023187 [debug] [ThreadPool]: Opening a new connection, currently in state init
[0m20:31:55.305798 [debug] [MainThread]: Sending event: {'category': 'dbt', 'action': 'runnable_timing', 'label': 'e5fca596-4471-42ef-bd0a-ec9569382f86', 'context': [<snowplow_tracker.self_describing_json.SelfDescribingJson object at 0x77dea210dd90>]}
[0m20:31:55.306618 [debug] [MainThread]: Opening a new connection, currently in state init
[0m20:31:55.313001 [debug] [Thread-3 (]: Began running node test.projeto_dw.fato_vendas_quantidade_positiva
[0m20:31:55.313894 [debug] [Thread-5 (]: Began running node test.projeto_dw.not_null_dim_calendario_data.cbad0deb11
[0m20:31:55.314619 [debug] [Thread-6 (]: Began running node test.projeto_dw.not_null_dim_clientes_cliente_id.72dd473286
[0m20:31:55.315686 [debug] [Thread-4 (]: Began running node test.projeto_dw.fato_vendas_reconciliacao
[0m20:31:55.316372 [info ] [Thread-3 (]: 1 of 20 START test fato_vendas_quantidade_positiva ............................. [RUN]
[0m20:31:55.317934 [info ] [Thread-6 (]: 4 of 20 START test not_null_dim_clientes_cliente_id ............................ [RUN]
[0m20:31:55.318953 [info ] [Thread-4 (]: 2 of 20 START test fato_vendas_reconciliacao ................................... [RUN]
[0m20:31:55.317002 [info ] [Thread-5 (]: 3 of 20 START test not_null_dim_calendario_data ................................ [RUN]
[0m20:31:55.320460 [debug] [Thread-3 (]: Re-using an available connection from the pool (formerly list_project-c3b69582-833e-4e2a-88c_silver, now test.projeto_dw.fato_vendas_quantidade_positiva)
[0m20:31:55.321393 [debug] [Thread-6 (]: Acquiring new bigquery connection 'test.projeto_dw.not_null_dim_clientes_cliente_id.72dd473286'
[0m20:31:55.322125 [debug] [Thread-4 (]: Re-using an available connection from the pool (formerly list_project-c3b69582-833e-4e2a-88c_gold, now test.projeto_dw.fato_vendas_reconciliacao)
[0m20:31:55.322948 [debug] [Thread-5 (]: Acquiring new bigquery connection 'test.projeto_dw.not_null_dim_calendario_data.cbad0deb11'
[0m20:31:55.323586 [debug] [Thread-3 (]: Began compiling node test.projeto_dw.fato_vendas_quantidade_positiva
[0m20:31:55.324185 [debug] [Thread-6 (]: Began compiling node test.projeto_dw.not_null_dim_clientes_cliente_id.72dd473286
[0m20:31:55.324769 [debug] [Thread-4 (]: Began compiling node test.projeto_dw.fato_vendas_reconciliacao
[0m20:31:55.325357 [debug] [Thread-5 (]: Began compiling node test.projeto_dw.not_null_dim_calendario_data.cbad0deb11
[0m20:31:55.336473 [debug] [Thread-3 (]: Writing injected SQL for node "test.projeto_dw.fato_vendas_quantidade_positiva"
[0m20:31:55.349745 [debug] [Thread-4 (]: Writing injected SQL for node "test.projeto_dw.fato_vendas_reconciliacao"
[0m20:31:55.360632 [debug] [Thread-6 (]: Writing injected SQL for node "test.projeto_dw.not_null_dim_clientes_cliente_id.72dd473286"
[0m20:31:55.369772 [debug] [Thread-5 (]: Writing injected SQL for node "test.projeto_dw.not_null_dim_calendario_data.cbad0deb11"
[0m20:31:55.371375 [debug] [Thread-3 (]: Began executing node test.projeto_dw.fato_vendas_quantidade_positiva
[0m20:31:55.388731 [debug] [Thread-4 (]: Began executing node test.projeto_dw.fato_vendas_reconciliacao
[0m20:31:55.389562 [debug] [Thread-5 (]: Began executing node test.projeto_dw.not_null_dim_calendario_data.cbad0deb11
[0m20:31:55.423547 [debug] [Thread-3 (]: Writing runtime sql for node "test.projeto_dw.fato_vendas_quantidade_positiva"
[0m20:31:55.429231 [debug] [Thread-4 (]: Writing runtime sql for node "test.projeto_dw.fato_vendas_reconciliacao"
[0m20:31:55.429802 [debug] [Thread-6 (]: Began executing node test.projeto_dw.not_null_dim_clientes_cliente_id.72dd473286
[0m20:31:55.433402 [debug] [Thread-6 (]: Writing runtime sql for node "test.projeto_dw.not_null_dim_clientes_cliente_id.72dd473286"
[0m20:31:55.430297 [debug] [Thread-5 (]: Writing runtime sql for node "test.projeto_dw.not_null_dim_calendario_data.cbad0deb11"
[0m20:31:55.434859 [debug] [Thread-4 (]: On test.projeto_dw.fato_vendas_reconciliacao: /* {"app": "dbt", "dbt_version": "1.12.5", "profile_name": "projeto_dw", "target_name": "dev", "node_id": "test.projeto_dw.fato_vendas_reconciliacao"} */

    
    select
      count(*) as failures,
      count(*) != 0 as should_warn,
      count(*) != 0 as should_error
    from (
      
    
  with valores as (
    select
        pedido_id,
        round(sum(valor_item), 2) as total_itens,
        round(max(valor_total), 2) as valor_pedido
    from `project-c3b69582-833e-4e2a-88c`.`gold`.`fato_vendas`
    group by pedido_id
)
select *
from valores
where total_itens != valor_pedido
  
  
      
    ) dbt_internal_test
[0m20:31:55.437642 [debug] [Thread-4 (]: Opening a new connection, currently in state closed
[0m20:31:55.436702 [debug] [Thread-6 (]: On test.projeto_dw.not_null_dim_clientes_cliente_id.72dd473286: /* {"app": "dbt", "dbt_version": "1.12.5", "profile_name": "projeto_dw", "target_name": "dev", "node_id": "test.projeto_dw.not_null_dim_clientes_cliente_id.72dd473286"} */

    
    select
      count(*) as failures,
      count(*) != 0 as should_warn,
      count(*) != 0 as should_error
    from (
      
    
  
    
    



select cliente_id
from `project-c3b69582-833e-4e2a-88c`.`gold`.`dim_clientes`
where cliente_id is null



  
  
      
    ) dbt_internal_test
[0m20:31:55.435943 [debug] [Thread-5 (]: On test.projeto_dw.not_null_dim_calendario_data.cbad0deb11: /* {"app": "dbt", "dbt_version": "1.12.5", "profile_name": "projeto_dw", "target_name": "dev", "node_id": "test.projeto_dw.not_null_dim_calendario_data.cbad0deb11"} */

    
    select
      count(*) as failures,
      count(*) != 0 as should_warn,
      count(*) != 0 as should_error
    from (
      
    
  
    
    



select data
from `project-c3b69582-833e-4e2a-88c`.`gold`.`dim_calendario`
where data is null



  
  
      
    ) dbt_internal_test
[0m20:31:55.441977 [debug] [Thread-5 (]: Opening a new connection, currently in state init
[0m20:31:55.445614 [debug] [Thread-6 (]: Opening a new connection, currently in state init
[0m20:31:55.440459 [debug] [Thread-3 (]: On test.projeto_dw.fato_vendas_quantidade_positiva: /* {"app": "dbt", "dbt_version": "1.12.5", "profile_name": "projeto_dw", "target_name": "dev", "node_id": "test.projeto_dw.fato_vendas_quantidade_positiva"} */

    
    select
      count(*) as failures,
      count(*) != 0 as should_warn,
      count(*) != 0 as should_error
    from (
      
    
  select *
from `project-c3b69582-833e-4e2a-88c`.`gold`.`fato_vendas`
where quantidade <= 0
  
  
      
    ) dbt_internal_test
[0m20:31:55.449253 [debug] [Thread-3 (]: Opening a new connection, currently in state closed
[0m20:31:56.193491 [debug] [Thread-6 (]: BigQuery adapter: https://console.cloud.google.com/bigquery?project=project-c3b69582-833e-4e2a-88c&j=bq:southamerica-east1:4fca152c-3674-4ce6-8d77-ec8410b4befc&page=queryresults
[0m20:31:56.242071 [debug] [Thread-3 (]: BigQuery adapter: https://console.cloud.google.com/bigquery?project=project-c3b69582-833e-4e2a-88c&j=bq:southamerica-east1:2a1a8ce8-7448-47cc-946e-e88a70855ab9&page=queryresults
[0m20:31:56.256119 [debug] [Thread-4 (]: BigQuery adapter: https://console.cloud.google.com/bigquery?project=project-c3b69582-833e-4e2a-88c&j=bq:southamerica-east1:b4c55e66-ee26-4e66-8763-c47ada7076da&page=queryresults
[0m20:31:56.258487 [debug] [Thread-6 (]: SQL status: OK in 0.064 seconds
[0m20:31:56.293814 [debug] [Thread-5 (]: BigQuery adapter: https://console.cloud.google.com/bigquery?project=project-c3b69582-833e-4e2a-88c&j=bq:southamerica-east1:7b53443d-f6ec-4e3c-8232-366bd9c28779&page=queryresults
[0m20:31:56.300910 [debug] [Thread-3 (]: SQL status: OK in 0.056 seconds
[0m20:31:56.315811 [debug] [Thread-4 (]: SQL status: OK in 0.056 seconds
[0m20:31:56.338255 [debug] [Thread-5 (]: SQL status: OK in 0.044 seconds
[0m20:31:56.422981 [info ] [Thread-6 (]: 4 of 20 PASS not_null_dim_clientes_cliente_id .................................. [[32mPASS[0m in 1.10s]
[0m20:31:56.424485 [debug] [Thread-6 (]: Finished running node test.projeto_dw.not_null_dim_clientes_cliente_id.72dd473286
[0m20:31:56.425298 [debug] [Thread-6 (]: Began running node test.projeto_dw.not_null_dim_produtos_produto_id.397f08245f
[0m20:31:56.425890 [info ] [Thread-6 (]: 5 of 20 START test not_null_dim_produtos_produto_id ............................ [RUN]
[0m20:31:56.427475 [debug] [Thread-6 (]: Re-using an available connection from the pool (formerly test.projeto_dw.not_null_dim_clientes_cliente_id.72dd473286, now test.projeto_dw.not_null_dim_produtos_produto_id.397f08245f)
[0m20:31:56.428044 [debug] [Thread-6 (]: Began compiling node test.projeto_dw.not_null_dim_produtos_produto_id.397f08245f
[0m20:31:56.437032 [debug] [Thread-6 (]: Writing injected SQL for node "test.projeto_dw.not_null_dim_produtos_produto_id.397f08245f"
[0m20:31:56.439943 [debug] [Thread-6 (]: Began executing node test.projeto_dw.not_null_dim_produtos_produto_id.397f08245f
[0m20:31:56.443276 [debug] [Thread-6 (]: Writing runtime sql for node "test.projeto_dw.not_null_dim_produtos_produto_id.397f08245f"
[0m20:31:56.446296 [info ] [Thread-4 (]: 2 of 20 PASS fato_vendas_reconciliacao ......................................... [[32mPASS[0m in 1.12s]
[0m20:31:56.455621 [debug] [Thread-4 (]: Finished running node test.projeto_dw.fato_vendas_reconciliacao
[0m20:31:56.457017 [debug] [Thread-4 (]: Began running node test.projeto_dw.not_null_fato_metas_mes.c7a9316b90
[0m20:31:56.457698 [info ] [Thread-4 (]: 6 of 20 START test not_null_fato_metas_mes ..................................... [RUN]
[0m20:31:56.453999 [info ] [Thread-3 (]: 1 of 20 PASS fato_vendas_quantidade_positiva ................................... [[32mPASS[0m in 1.13s]
[0m20:31:56.450624 [info ] [Thread-5 (]: 3 of 20 PASS not_null_dim_calendario_data ...................................... [[32mPASS[0m in 1.13s]
[0m20:31:56.458874 [debug] [Thread-4 (]: Re-using an available connection from the pool (formerly test.projeto_dw.fato_vendas_reconciliacao, now test.projeto_dw.not_null_fato_metas_mes.c7a9316b90)
[0m20:31:56.459834 [debug] [Thread-3 (]: Finished running node test.projeto_dw.fato_vendas_quantidade_positiva
[0m20:31:56.460478 [debug] [Thread-6 (]: On test.projeto_dw.not_null_dim_produtos_produto_id.397f08245f: /* {"app": "dbt", "dbt_version": "1.12.5", "profile_name": "projeto_dw", "target_name": "dev", "node_id": "test.projeto_dw.not_null_dim_produtos_produto_id.397f08245f"} */

    
    select
      count(*) as failures,
      count(*) != 0 as should_warn,
      count(*) != 0 as should_error
    from (
      
    
  
    
    



select produto_id
from `project-c3b69582-833e-4e2a-88c`.`gold`.`dim_produtos`
where produto_id is null



  
  
      
    ) dbt_internal_test
[0m20:31:56.461349 [debug] [Thread-5 (]: Finished running node test.projeto_dw.not_null_dim_calendario_data.cbad0deb11
[0m20:31:56.461912 [debug] [Thread-4 (]: Began compiling node test.projeto_dw.not_null_fato_metas_mes.c7a9316b90
[0m20:31:56.462649 [debug] [Thread-3 (]: Began running node test.projeto_dw.not_null_fato_metas_meta_vendas.75c06fd6b9
[0m20:31:56.463439 [debug] [Thread-6 (]: Opening a new connection, currently in state closed
[0m20:31:56.464096 [debug] [Thread-5 (]: Began running node test.projeto_dw.not_null_fato_vendas_cliente_id.a60a1c8404
[0m20:31:56.473238 [debug] [Thread-4 (]: Writing injected SQL for node "test.projeto_dw.not_null_fato_metas_mes.c7a9316b90"
[0m20:31:56.473994 [info ] [Thread-3 (]: 7 of 20 START test not_null_fato_metas_meta_vendas ............................. [RUN]
[0m20:31:56.478312 [debug] [Thread-3 (]: Re-using an available connection from the pool (formerly test.projeto_dw.fato_vendas_quantidade_positiva, now test.projeto_dw.not_null_fato_metas_meta_vendas.75c06fd6b9)
[0m20:31:56.476909 [info ] [Thread-5 (]: 8 of 20 START test not_null_fato_vendas_cliente_id ............................. [RUN]
[0m20:31:56.479717 [debug] [Thread-4 (]: Began executing node test.projeto_dw.not_null_fato_metas_mes.c7a9316b90
[0m20:31:56.480656 [debug] [Thread-3 (]: Began compiling node test.projeto_dw.not_null_fato_metas_meta_vendas.75c06fd6b9
[0m20:31:56.481812 [debug] [Thread-5 (]: Re-using an available connection from the pool (formerly test.projeto_dw.not_null_dim_calendario_data.cbad0deb11, now test.projeto_dw.not_null_fato_vendas_cliente_id.a60a1c8404)
[0m20:31:56.484357 [debug] [Thread-4 (]: Writing runtime sql for node "test.projeto_dw.not_null_fato_metas_mes.c7a9316b90"
[0m20:31:56.491229 [debug] [Thread-5 (]: Began compiling node test.projeto_dw.not_null_fato_vendas_cliente_id.a60a1c8404
[0m20:31:56.498225 [debug] [Thread-4 (]: On test.projeto_dw.not_null_fato_metas_mes.c7a9316b90: /* {"app": "dbt", "dbt_version": "1.12.5", "profile_name": "projeto_dw", "target_name": "dev", "node_id": "test.projeto_dw.not_null_fato_metas_mes.c7a9316b90"} */

    
    select
      count(*) as failures,
      count(*) != 0 as should_warn,
      count(*) != 0 as should_error
    from (
      
    
  
    
    



select mes
from `project-c3b69582-833e-4e2a-88c`.`gold`.`fato_metas`
where mes is null



  
  
      
    ) dbt_internal_test
[0m20:31:56.501642 [debug] [Thread-3 (]: Writing injected SQL for node "test.projeto_dw.not_null_fato_metas_meta_vendas.75c06fd6b9"
[0m20:31:56.511911 [debug] [Thread-5 (]: Writing injected SQL for node "test.projeto_dw.not_null_fato_vendas_cliente_id.a60a1c8404"
[0m20:31:56.512943 [debug] [Thread-4 (]: Opening a new connection, currently in state closed
[0m20:31:56.514331 [debug] [Thread-3 (]: Began executing node test.projeto_dw.not_null_fato_metas_meta_vendas.75c06fd6b9
[0m20:31:56.520849 [debug] [Thread-3 (]: Writing runtime sql for node "test.projeto_dw.not_null_fato_metas_meta_vendas.75c06fd6b9"
[0m20:31:56.517423 [debug] [Thread-5 (]: Began executing node test.projeto_dw.not_null_fato_vendas_cliente_id.a60a1c8404
[0m20:31:56.523541 [debug] [Thread-5 (]: Writing runtime sql for node "test.projeto_dw.not_null_fato_vendas_cliente_id.a60a1c8404"
[0m20:31:56.524740 [debug] [Thread-3 (]: On test.projeto_dw.not_null_fato_metas_meta_vendas.75c06fd6b9: /* {"app": "dbt", "dbt_version": "1.12.5", "profile_name": "projeto_dw", "target_name": "dev", "node_id": "test.projeto_dw.not_null_fato_metas_meta_vendas.75c06fd6b9"} */

    
    select
      count(*) as failures,
      count(*) != 0 as should_warn,
      count(*) != 0 as should_error
    from (
      
    
  
    
    



select meta_vendas
from `project-c3b69582-833e-4e2a-88c`.`gold`.`fato_metas`
where meta_vendas is null



  
  
      
    ) dbt_internal_test
[0m20:31:56.525580 [debug] [Thread-3 (]: Opening a new connection, currently in state closed
[0m20:31:56.529406 [debug] [Thread-5 (]: On test.projeto_dw.not_null_fato_vendas_cliente_id.a60a1c8404: /* {"app": "dbt", "dbt_version": "1.12.5", "profile_name": "projeto_dw", "target_name": "dev", "node_id": "test.projeto_dw.not_null_fato_vendas_cliente_id.a60a1c8404"} */

    
    select
      count(*) as failures,
      count(*) != 0 as should_warn,
      count(*) != 0 as should_error
    from (
      
    
  
    
    



select cliente_id
from `project-c3b69582-833e-4e2a-88c`.`gold`.`fato_vendas`
where cliente_id is null



  
  
      
    ) dbt_internal_test
[0m20:31:56.530452 [debug] [Thread-5 (]: Opening a new connection, currently in state closed
[0m20:31:57.177625 [debug] [Thread-4 (]: BigQuery adapter: https://console.cloud.google.com/bigquery?project=project-c3b69582-833e-4e2a-88c&j=bq:southamerica-east1:29db1bdc-5ea3-437b-9308-f622ec480c17&page=queryresults
[0m20:31:57.193547 [debug] [Thread-5 (]: BigQuery adapter: https://console.cloud.google.com/bigquery?project=project-c3b69582-833e-4e2a-88c&j=bq:southamerica-east1:6a786362-679f-4f2d-ab8b-bfd901aea94f&page=queryresults
[0m20:31:57.206806 [debug] [Thread-6 (]: BigQuery adapter: https://console.cloud.google.com/bigquery?project=project-c3b69582-833e-4e2a-88c&j=bq:southamerica-east1:2b94f931-d9dc-448d-9dc6-39bb83679efc&page=queryresults
[0m20:31:57.212855 [debug] [Thread-3 (]: BigQuery adapter: https://console.cloud.google.com/bigquery?project=project-c3b69582-833e-4e2a-88c&j=bq:southamerica-east1:7eb4a35d-4b33-4d0c-b08d-9208a83280ed&page=queryresults
[0m20:31:57.222795 [debug] [Thread-4 (]: SQL status: OK in 0.044 seconds
[0m20:31:57.239690 [debug] [Thread-5 (]: SQL status: OK in 0.045 seconds
[0m20:31:57.255151 [debug] [Thread-6 (]: SQL status: OK in 0.047 seconds
[0m20:31:57.259567 [debug] [Thread-3 (]: SQL status: OK in 0.046 seconds
[0m20:31:57.340409 [info ] [Thread-5 (]: 8 of 20 PASS not_null_fato_vendas_cliente_id ................................... [[32mPASS[0m in 0.86s]
[0m20:31:57.342481 [debug] [Thread-5 (]: Finished running node test.projeto_dw.not_null_fato_vendas_cliente_id.a60a1c8404
[0m20:31:57.343398 [debug] [Thread-5 (]: Began running node test.projeto_dw.not_null_fato_vendas_item_id.62387d44bd
[0m20:31:57.345066 [info ] [Thread-5 (]: 9 of 20 START test not_null_fato_vendas_item_id ................................ [RUN]
[0m20:31:57.348958 [debug] [Thread-5 (]: Re-using an available connection from the pool (formerly test.projeto_dw.not_null_fato_vendas_cliente_id.a60a1c8404, now test.projeto_dw.not_null_fato_vendas_item_id.62387d44bd)
[0m20:31:57.349647 [debug] [Thread-5 (]: Began compiling node test.projeto_dw.not_null_fato_vendas_item_id.62387d44bd
[0m20:31:57.347982 [info ] [Thread-4 (]: 6 of 20 PASS not_null_fato_metas_mes ........................................... [[32mPASS[0m in 0.89s]
[0m20:31:57.360371 [debug] [Thread-5 (]: Writing injected SQL for node "test.projeto_dw.not_null_fato_vendas_item_id.62387d44bd"
[0m20:31:57.361693 [debug] [Thread-4 (]: Finished running node test.projeto_dw.not_null_fato_metas_mes.c7a9316b90
[0m20:31:57.365618 [debug] [Thread-4 (]: Began running node test.projeto_dw.not_null_fato_vendas_pedido_id.93a9235ba0
[0m20:31:57.366330 [info ] [Thread-4 (]: 10 of 20 START test not_null_fato_vendas_pedido_id ............................. [RUN]
[0m20:31:57.368860 [debug] [Thread-4 (]: Re-using an available connection from the pool (formerly test.projeto_dw.not_null_fato_metas_mes.c7a9316b90, now test.projeto_dw.not_null_fato_vendas_pedido_id.93a9235ba0)
[0m20:31:57.370243 [debug] [Thread-4 (]: Began compiling node test.projeto_dw.not_null_fato_vendas_pedido_id.93a9235ba0
[0m20:31:57.368016 [debug] [Thread-5 (]: Began executing node test.projeto_dw.not_null_fato_vendas_item_id.62387d44bd
[0m20:31:57.378121 [debug] [Thread-5 (]: Writing runtime sql for node "test.projeto_dw.not_null_fato_vendas_item_id.62387d44bd"
[0m20:31:57.382033 [debug] [Thread-4 (]: Writing injected SQL for node "test.projeto_dw.not_null_fato_vendas_pedido_id.93a9235ba0"
[0m20:31:57.383647 [debug] [Thread-5 (]: On test.projeto_dw.not_null_fato_vendas_item_id.62387d44bd: /* {"app": "dbt", "dbt_version": "1.12.5", "profile_name": "projeto_dw", "target_name": "dev", "node_id": "test.projeto_dw.not_null_fato_vendas_item_id.62387d44bd"} */

    
    select
      count(*) as failures,
      count(*) != 0 as should_warn,
      count(*) != 0 as should_error
    from (
      
    
  
    
    



select item_id
from `project-c3b69582-833e-4e2a-88c`.`gold`.`fato_vendas`
where item_id is null



  
  
      
    ) dbt_internal_test
[0m20:31:57.384492 [debug] [Thread-5 (]: Opening a new connection, currently in state closed
[0m20:31:57.387156 [debug] [Thread-4 (]: Began executing node test.projeto_dw.not_null_fato_vendas_pedido_id.93a9235ba0
[0m20:31:57.394812 [debug] [Thread-4 (]: Writing runtime sql for node "test.projeto_dw.not_null_fato_vendas_pedido_id.93a9235ba0"
[0m20:31:57.391753 [info ] [Thread-3 (]: 7 of 20 PASS not_null_fato_metas_meta_vendas ................................... [[32mPASS[0m in 0.91s]
[0m20:31:57.396043 [debug] [Thread-3 (]: Finished running node test.projeto_dw.not_null_fato_metas_meta_vendas.75c06fd6b9
[0m20:31:57.397942 [debug] [Thread-3 (]: Began running node test.projeto_dw.not_null_fato_vendas_produto_id.3428e3d730
[0m20:31:57.397191 [debug] [Thread-4 (]: On test.projeto_dw.not_null_fato_vendas_pedido_id.93a9235ba0: /* {"app": "dbt", "dbt_version": "1.12.5", "profile_name": "projeto_dw", "target_name": "dev", "node_id": "test.projeto_dw.not_null_fato_vendas_pedido_id.93a9235ba0"} */

    
    select
      count(*) as failures,
      count(*) != 0 as should_warn,
      count(*) != 0 as should_error
    from (
      
    
  
    
    



select pedido_id
from `project-c3b69582-833e-4e2a-88c`.`gold`.`fato_vendas`
where pedido_id is null



  
  
      
    ) dbt_internal_test
[0m20:31:57.400304 [debug] [Thread-4 (]: Opening a new connection, currently in state closed
[0m20:31:57.398982 [info ] [Thread-3 (]: 11 of 20 START test not_null_fato_vendas_produto_id ............................ [RUN]
[0m20:31:57.403248 [debug] [Thread-3 (]: Re-using an available connection from the pool (formerly test.projeto_dw.not_null_fato_metas_meta_vendas.75c06fd6b9, now test.projeto_dw.not_null_fato_vendas_produto_id.3428e3d730)
[0m20:31:57.404083 [debug] [Thread-3 (]: Began compiling node test.projeto_dw.not_null_fato_vendas_produto_id.3428e3d730
[0m20:31:57.419703 [debug] [Thread-3 (]: Writing injected SQL for node "test.projeto_dw.not_null_fato_vendas_produto_id.3428e3d730"
[0m20:31:57.426182 [info ] [Thread-6 (]: 5 of 20 PASS not_null_dim_produtos_produto_id .................................. [[32mPASS[0m in 1.00s]
[0m20:31:57.428224 [debug] [Thread-6 (]: Finished running node test.projeto_dw.not_null_dim_produtos_produto_id.397f08245f
[0m20:31:57.429221 [debug] [Thread-6 (]: Began running node test.projeto_dw.not_null_kpi_mensal_mes.e62f8c7db7
[0m20:31:57.430010 [info ] [Thread-6 (]: 12 of 20 START test not_null_kpi_mensal_mes .................................... [RUN]
[0m20:31:57.431493 [debug] [Thread-6 (]: Re-using an available connection from the pool (formerly test.projeto_dw.not_null_dim_produtos_produto_id.397f08245f, now test.projeto_dw.not_null_kpi_mensal_mes.e62f8c7db7)
[0m20:31:57.432436 [debug] [Thread-6 (]: Began compiling node test.projeto_dw.not_null_kpi_mensal_mes.e62f8c7db7
[0m20:31:57.438446 [debug] [Thread-3 (]: Began executing node test.projeto_dw.not_null_fato_vendas_produto_id.3428e3d730
[0m20:31:57.441098 [debug] [Thread-3 (]: Writing runtime sql for node "test.projeto_dw.not_null_fato_vendas_produto_id.3428e3d730"
[0m20:31:57.447762 [debug] [Thread-3 (]: On test.projeto_dw.not_null_fato_vendas_produto_id.3428e3d730: /* {"app": "dbt", "dbt_version": "1.12.5", "profile_name": "projeto_dw", "target_name": "dev", "node_id": "test.projeto_dw.not_null_fato_vendas_produto_id.3428e3d730"} */

    
    select
      count(*) as failures,
      count(*) != 0 as should_warn,
      count(*) != 0 as should_error
    from (
      
    
  
    
    



select produto_id
from `project-c3b69582-833e-4e2a-88c`.`gold`.`fato_vendas`
where produto_id is null



  
  
      
    ) dbt_internal_test
[0m20:31:57.449309 [debug] [Thread-3 (]: Opening a new connection, currently in state closed
[0m20:31:57.448448 [debug] [Thread-6 (]: Writing injected SQL for node "test.projeto_dw.not_null_kpi_mensal_mes.e62f8c7db7"
[0m20:31:57.453635 [debug] [Thread-6 (]: Began executing node test.projeto_dw.not_null_kpi_mensal_mes.e62f8c7db7
[0m20:31:57.457333 [debug] [Thread-6 (]: Writing runtime sql for node "test.projeto_dw.not_null_kpi_mensal_mes.e62f8c7db7"
[0m20:31:57.458579 [debug] [Thread-6 (]: On test.projeto_dw.not_null_kpi_mensal_mes.e62f8c7db7: /* {"app": "dbt", "dbt_version": "1.12.5", "profile_name": "projeto_dw", "target_name": "dev", "node_id": "test.projeto_dw.not_null_kpi_mensal_mes.e62f8c7db7"} */

    
    select
      count(*) as failures,
      count(*) != 0 as should_warn,
      count(*) != 0 as should_error
    from (
      
    
  
    
    



select mes
from `project-c3b69582-833e-4e2a-88c`.`gold`.`kpi_mensal`
where mes is null



  
  
      
    ) dbt_internal_test
[0m20:31:57.459679 [debug] [Thread-6 (]: Opening a new connection, currently in state closed
[0m20:31:58.111425 [debug] [Thread-4 (]: BigQuery adapter: https://console.cloud.google.com/bigquery?project=project-c3b69582-833e-4e2a-88c&j=bq:southamerica-east1:2b7f226c-2f82-4744-9b5b-92790788ff8f&page=queryresults
[0m20:31:58.126020 [debug] [Thread-5 (]: BigQuery adapter: https://console.cloud.google.com/bigquery?project=project-c3b69582-833e-4e2a-88c&j=bq:southamerica-east1:34ab26e4-e51a-463e-9f0e-9de20cbe7413&page=queryresults
[0m20:31:58.156536 [debug] [Thread-4 (]: SQL status: OK in 0.044 seconds
[0m20:31:58.177479 [debug] [Thread-5 (]: SQL status: OK in 0.051 seconds
[0m20:31:58.196563 [debug] [Thread-6 (]: BigQuery adapter: https://console.cloud.google.com/bigquery?project=project-c3b69582-833e-4e2a-88c&j=bq:southamerica-east1:f8568fa9-cacc-4dec-906f-21f48a391aff&page=queryresults
[0m20:31:58.230895 [debug] [Thread-3 (]: BigQuery adapter: https://console.cloud.google.com/bigquery?project=project-c3b69582-833e-4e2a-88c&j=bq:southamerica-east1:ebed4a11-e003-43d1-8751-761299d8b60a&page=queryresults
[0m20:31:58.244190 [info ] [Thread-4 (]: 10 of 20 PASS not_null_fato_vendas_pedido_id ................................... [[32mPASS[0m in 0.87s]
[0m20:31:58.248963 [debug] [Thread-4 (]: Finished running node test.projeto_dw.not_null_fato_vendas_pedido_id.93a9235ba0
[0m20:31:58.250060 [debug] [Thread-4 (]: Began running node test.projeto_dw.relationships_fato_vendas_cliente_id__cliente_id__ref_dim_clientes_.6fcfaa8d2a
[0m20:31:58.251760 [debug] [Thread-6 (]: SQL status: OK in 0.054 seconds
[0m20:31:58.253781 [info ] [Thread-4 (]: 13 of 20 START test relationships_fato_vendas_cliente_id__cliente_id__ref_dim_clientes_  [RUN]
[0m20:31:58.257397 [debug] [Thread-4 (]: Re-using an available connection from the pool (formerly test.projeto_dw.not_null_fato_vendas_pedido_id.93a9235ba0, now test.projeto_dw.relationships_fato_vendas_cliente_id__cliente_id__ref_dim_clientes_.6fcfaa8d2a)
[0m20:31:58.258429 [debug] [Thread-4 (]: Began compiling node test.projeto_dw.relationships_fato_vendas_cliente_id__cliente_id__ref_dim_clientes_.6fcfaa8d2a
[0m20:31:58.285540 [debug] [Thread-4 (]: Writing injected SQL for node "test.projeto_dw.relationships_fato_vendas_cliente_id__cliente_id__ref_dim_clientes_.6fcfaa8d2a"
[0m20:31:58.287970 [debug] [Thread-3 (]: SQL status: OK in 0.056 seconds
[0m20:31:58.290656 [debug] [Thread-4 (]: Began executing node test.projeto_dw.relationships_fato_vendas_cliente_id__cliente_id__ref_dim_clientes_.6fcfaa8d2a
[0m20:31:58.294420 [debug] [Thread-4 (]: Writing runtime sql for node "test.projeto_dw.relationships_fato_vendas_cliente_id__cliente_id__ref_dim_clientes_.6fcfaa8d2a"
[0m20:31:58.299506 [info ] [Thread-5 (]: 9 of 20 PASS not_null_fato_vendas_item_id ...................................... [[32mPASS[0m in 0.95s]
[0m20:31:58.301452 [debug] [Thread-5 (]: Finished running node test.projeto_dw.not_null_fato_vendas_item_id.62387d44bd
[0m20:31:58.302576 [debug] [Thread-5 (]: Began running node test.projeto_dw.relationships_fato_vendas_produto_id__produto_id__ref_dim_produtos_.3357cad2ed
[0m20:31:58.303608 [debug] [Thread-4 (]: On test.projeto_dw.relationships_fato_vendas_cliente_id__cliente_id__ref_dim_clientes_.6fcfaa8d2a: /* {"app": "dbt", "dbt_version": "1.12.5", "profile_name": "projeto_dw", "target_name": "dev", "node_id": "test.projeto_dw.relationships_fato_vendas_cliente_id__cliente_id__ref_dim_clientes_.6fcfaa8d2a"} */

    
    select
      count(*) as failures,
      count(*) != 0 as should_warn,
      count(*) != 0 as should_error
    from (
      
    
  
    
    

with child as (
    select cliente_id as from_field
    from `project-c3b69582-833e-4e2a-88c`.`gold`.`fato_vendas`
    where cliente_id is not null
),

parent as (
    select cliente_id as to_field
    from `project-c3b69582-833e-4e2a-88c`.`gold`.`dim_clientes`
)

select
    from_field

from child
left join parent
    on child.from_field = parent.to_field

where parent.to_field is null



  
  
      
    ) dbt_internal_test
[0m20:31:58.305627 [debug] [Thread-4 (]: Opening a new connection, currently in state closed
[0m20:31:58.304674 [info ] [Thread-5 (]: 14 of 20 START test relationships_fato_vendas_produto_id__produto_id__ref_dim_produtos_  [RUN]
[0m20:31:58.309441 [debug] [Thread-5 (]: Re-using an available connection from the pool (formerly test.projeto_dw.not_null_fato_vendas_item_id.62387d44bd, now test.projeto_dw.relationships_fato_vendas_produto_id__produto_id__ref_dim_produtos_.3357cad2ed)
[0m20:31:58.310384 [debug] [Thread-5 (]: Began compiling node test.projeto_dw.relationships_fato_vendas_produto_id__produto_id__ref_dim_produtos_.3357cad2ed
[0m20:31:58.345056 [debug] [Thread-5 (]: Writing injected SQL for node "test.projeto_dw.relationships_fato_vendas_produto_id__produto_id__ref_dim_produtos_.3357cad2ed"
[0m20:31:58.346555 [debug] [Thread-5 (]: Began executing node test.projeto_dw.relationships_fato_vendas_produto_id__produto_id__ref_dim_produtos_.3357cad2ed
[0m20:31:58.350316 [debug] [Thread-5 (]: Writing runtime sql for node "test.projeto_dw.relationships_fato_vendas_produto_id__produto_id__ref_dim_produtos_.3357cad2ed"
[0m20:31:58.358587 [debug] [Thread-5 (]: On test.projeto_dw.relationships_fato_vendas_produto_id__produto_id__ref_dim_produtos_.3357cad2ed: /* {"app": "dbt", "dbt_version": "1.12.5", "profile_name": "projeto_dw", "target_name": "dev", "node_id": "test.projeto_dw.relationships_fato_vendas_produto_id__produto_id__ref_dim_produtos_.3357cad2ed"} */

    
    select
      count(*) as failures,
      count(*) != 0 as should_warn,
      count(*) != 0 as should_error
    from (
      
    
  
    
    

with child as (
    select produto_id as from_field
    from `project-c3b69582-833e-4e2a-88c`.`gold`.`fato_vendas`
    where produto_id is not null
),

parent as (
    select produto_id as to_field
    from `project-c3b69582-833e-4e2a-88c`.`gold`.`dim_produtos`
)

select
    from_field

from child
left join parent
    on child.from_field = parent.to_field

where parent.to_field is null



  
  
      
    ) dbt_internal_test
[0m20:31:58.360629 [debug] [Thread-5 (]: Opening a new connection, currently in state closed
[0m20:31:58.388121 [info ] [Thread-6 (]: 12 of 20 PASS not_null_kpi_mensal_mes .......................................... [[32mPASS[0m in 0.96s]
[0m20:31:58.396363 [debug] [Thread-6 (]: Finished running node test.projeto_dw.not_null_kpi_mensal_mes.e62f8c7db7
[0m20:31:58.398851 [debug] [Thread-6 (]: Began running node test.projeto_dw.unique_dim_calendario_data.c2ff14cb64
[0m20:31:58.406571 [info ] [Thread-3 (]: 11 of 20 PASS not_null_fato_vendas_produto_id .................................. [[32mPASS[0m in 1.00s]
[0m20:31:58.411748 [debug] [Thread-3 (]: Finished running node test.projeto_dw.not_null_fato_vendas_produto_id.3428e3d730
[0m20:31:58.413641 [debug] [Thread-3 (]: Began running node test.projeto_dw.unique_dim_clientes_cliente_id.3b564a3bce
[0m20:31:58.414667 [info ] [Thread-3 (]: 16 of 20 START test unique_dim_clientes_cliente_id ............................. [RUN]
[0m20:31:58.416270 [debug] [Thread-3 (]: Re-using an available connection from the pool (formerly test.projeto_dw.not_null_fato_vendas_produto_id.3428e3d730, now test.projeto_dw.unique_dim_clientes_cliente_id.3b564a3bce)
[0m20:31:58.417398 [debug] [Thread-3 (]: Began compiling node test.projeto_dw.unique_dim_clientes_cliente_id.3b564a3bce
[0m20:31:58.407581 [info ] [Thread-6 (]: 15 of 20 START test unique_dim_calendario_data ................................. [RUN]
[0m20:31:58.425192 [debug] [Thread-6 (]: Re-using an available connection from the pool (formerly test.projeto_dw.not_null_kpi_mensal_mes.e62f8c7db7, now test.projeto_dw.unique_dim_calendario_data.c2ff14cb64)
[0m20:31:58.426617 [debug] [Thread-6 (]: Began compiling node test.projeto_dw.unique_dim_calendario_data.c2ff14cb64
[0m20:31:58.445247 [debug] [Thread-3 (]: Writing injected SQL for node "test.projeto_dw.unique_dim_clientes_cliente_id.3b564a3bce"
[0m20:31:58.447580 [debug] [Thread-3 (]: Began executing node test.projeto_dw.unique_dim_clientes_cliente_id.3b564a3bce
[0m20:31:58.462571 [debug] [Thread-6 (]: Writing injected SQL for node "test.projeto_dw.unique_dim_calendario_data.c2ff14cb64"
[0m20:31:58.463927 [debug] [Thread-6 (]: Began executing node test.projeto_dw.unique_dim_calendario_data.c2ff14cb64
[0m20:31:58.467727 [debug] [Thread-6 (]: Writing runtime sql for node "test.projeto_dw.unique_dim_calendario_data.c2ff14cb64"
[0m20:31:58.475450 [debug] [Thread-6 (]: On test.projeto_dw.unique_dim_calendario_data.c2ff14cb64: /* {"app": "dbt", "dbt_version": "1.12.5", "profile_name": "projeto_dw", "target_name": "dev", "node_id": "test.projeto_dw.unique_dim_calendario_data.c2ff14cb64"} */

    
    select
      count(*) as failures,
      count(*) != 0 as should_warn,
      count(*) != 0 as should_error
    from (
      
    
  
    
    

with dbt_test__target as (

  select data as unique_field
  from `project-c3b69582-833e-4e2a-88c`.`gold`.`dim_calendario`
  where data is not null

)

select
    unique_field,
    count(*) as n_records

from dbt_test__target
group by unique_field
having count(*) > 1



  
  
      
    ) dbt_internal_test
[0m20:31:58.476896 [debug] [Thread-6 (]: Opening a new connection, currently in state closed
[0m20:31:58.474306 [debug] [Thread-3 (]: Writing runtime sql for node "test.projeto_dw.unique_dim_clientes_cliente_id.3b564a3bce"
[0m20:31:58.480638 [debug] [Thread-3 (]: On test.projeto_dw.unique_dim_clientes_cliente_id.3b564a3bce: /* {"app": "dbt", "dbt_version": "1.12.5", "profile_name": "projeto_dw", "target_name": "dev", "node_id": "test.projeto_dw.unique_dim_clientes_cliente_id.3b564a3bce"} */

    
    select
      count(*) as failures,
      count(*) != 0 as should_warn,
      count(*) != 0 as should_error
    from (
      
    
  
    
    

with dbt_test__target as (

  select cliente_id as unique_field
  from `project-c3b69582-833e-4e2a-88c`.`gold`.`dim_clientes`
  where cliente_id is not null

)

select
    unique_field,
    count(*) as n_records

from dbt_test__target
group by unique_field
having count(*) > 1



  
  
      
    ) dbt_internal_test
[0m20:31:58.482632 [debug] [Thread-3 (]: Opening a new connection, currently in state closed
[0m20:31:58.914338 [debug] [Thread-6 (]: BigQuery adapter: https://console.cloud.google.com/bigquery?project=project-c3b69582-833e-4e2a-88c&j=bq:southamerica-east1:755fd0ed-8ba8-4f87-8bb2-8f50bb0b19f9&page=queryresults
[0m20:31:58.967107 [debug] [Thread-6 (]: SQL status: OK in 0.052 seconds
[0m20:31:59.097090 [debug] [Thread-4 (]: BigQuery adapter: https://console.cloud.google.com/bigquery?project=project-c3b69582-833e-4e2a-88c&j=bq:southamerica-east1:bac2c2e5-f362-47c9-846f-0201d85d2504&page=queryresults
[0m20:31:59.101761 [debug] [Thread-5 (]: BigQuery adapter: https://console.cloud.google.com/bigquery?project=project-c3b69582-833e-4e2a-88c&j=bq:southamerica-east1:fca06475-ee8b-4c7c-be8f-9735b09b8653&page=queryresults
[0m20:31:59.134851 [info ] [Thread-6 (]: 15 of 20 PASS unique_dim_calendario_data ....................................... [[32mPASS[0m in 0.71s]
[0m20:31:59.136331 [debug] [Thread-6 (]: Finished running node test.projeto_dw.unique_dim_calendario_data.c2ff14cb64
[0m20:31:59.137053 [debug] [Thread-6 (]: Began running node test.projeto_dw.unique_dim_produtos_produto_id.7d54c42ab2
[0m20:31:59.137629 [info ] [Thread-6 (]: 17 of 20 START test unique_dim_produtos_produto_id ............................. [RUN]
[0m20:31:59.138628 [debug] [Thread-6 (]: Re-using an available connection from the pool (formerly test.projeto_dw.unique_dim_calendario_data.c2ff14cb64, now test.projeto_dw.unique_dim_produtos_produto_id.7d54c42ab2)
[0m20:31:59.139346 [debug] [Thread-6 (]: Began compiling node test.projeto_dw.unique_dim_produtos_produto_id.7d54c42ab2
[0m20:31:59.149197 [debug] [Thread-6 (]: Writing injected SQL for node "test.projeto_dw.unique_dim_produtos_produto_id.7d54c42ab2"
[0m20:31:59.151920 [debug] [Thread-4 (]: SQL status: OK in 0.053 seconds
[0m20:31:59.154815 [debug] [Thread-5 (]: SQL status: OK in 0.052 seconds
[0m20:31:59.155580 [debug] [Thread-6 (]: Began executing node test.projeto_dw.unique_dim_produtos_produto_id.7d54c42ab2
[0m20:31:59.164864 [debug] [Thread-6 (]: Writing runtime sql for node "test.projeto_dw.unique_dim_produtos_produto_id.7d54c42ab2"
[0m20:31:59.166865 [debug] [Thread-6 (]: On test.projeto_dw.unique_dim_produtos_produto_id.7d54c42ab2: /* {"app": "dbt", "dbt_version": "1.12.5", "profile_name": "projeto_dw", "target_name": "dev", "node_id": "test.projeto_dw.unique_dim_produtos_produto_id.7d54c42ab2"} */

    
    select
      count(*) as failures,
      count(*) != 0 as should_warn,
      count(*) != 0 as should_error
    from (
      
    
  
    
    

with dbt_test__target as (

  select produto_id as unique_field
  from `project-c3b69582-833e-4e2a-88c`.`gold`.`dim_produtos`
  where produto_id is not null

)

select
    unique_field,
    count(*) as n_records

from dbt_test__target
group by unique_field
having count(*) > 1



  
  
      
    ) dbt_internal_test
[0m20:31:59.168034 [debug] [Thread-6 (]: Opening a new connection, currently in state closed
[0m20:31:59.186096 [debug] [Thread-3 (]: BigQuery adapter: https://console.cloud.google.com/bigquery?project=project-c3b69582-833e-4e2a-88c&j=bq:southamerica-east1:e1ee801d-c528-477c-925c-fcc119b2bcda&page=queryresults
[0m20:31:59.243824 [info ] [Thread-4 (]: 13 of 20 PASS relationships_fato_vendas_cliente_id__cliente_id__ref_dim_clientes_  [[32mPASS[0m in 0.99s]
[0m20:31:59.245615 [debug] [Thread-4 (]: Finished running node test.projeto_dw.relationships_fato_vendas_cliente_id__cliente_id__ref_dim_clientes_.6fcfaa8d2a
[0m20:31:59.249520 [debug] [Thread-4 (]: Began running node test.projeto_dw.unique_fato_metas_mes.6fac1126c6
[0m20:31:59.248457 [debug] [Thread-3 (]: SQL status: OK in 0.059 seconds
[0m20:31:59.250404 [info ] [Thread-4 (]: 18 of 20 START test unique_fato_metas_mes ...................................... [RUN]
[0m20:31:59.256190 [debug] [Thread-4 (]: Re-using an available connection from the pool (formerly test.projeto_dw.relationships_fato_vendas_cliente_id__cliente_id__ref_dim_clientes_.6fcfaa8d2a, now test.projeto_dw.unique_fato_metas_mes.6fac1126c6)
[0m20:31:59.256821 [debug] [Thread-4 (]: Began compiling node test.projeto_dw.unique_fato_metas_mes.6fac1126c6
[0m20:31:59.269390 [debug] [Thread-4 (]: Writing injected SQL for node "test.projeto_dw.unique_fato_metas_mes.6fac1126c6"
[0m20:31:59.275885 [debug] [Thread-4 (]: Began executing node test.projeto_dw.unique_fato_metas_mes.6fac1126c6
[0m20:31:59.278924 [debug] [Thread-4 (]: Writing runtime sql for node "test.projeto_dw.unique_fato_metas_mes.6fac1126c6"
[0m20:31:59.274937 [info ] [Thread-5 (]: 14 of 20 PASS relationships_fato_vendas_produto_id__produto_id__ref_dim_produtos_  [[32mPASS[0m in 0.96s]
[0m20:31:59.280262 [debug] [Thread-5 (]: Finished running node test.projeto_dw.relationships_fato_vendas_produto_id__produto_id__ref_dim_produtos_.3357cad2ed
[0m20:31:59.280991 [debug] [Thread-5 (]: Began running node test.projeto_dw.unique_fato_vendas_item_id.13f9ceb8d1
[0m20:31:59.281681 [info ] [Thread-5 (]: 19 of 20 START test unique_fato_vendas_item_id ................................. [RUN]
[0m20:31:59.282969 [debug] [Thread-5 (]: Re-using an available connection from the pool (formerly test.projeto_dw.relationships_fato_vendas_produto_id__produto_id__ref_dim_produtos_.3357cad2ed, now test.projeto_dw.unique_fato_vendas_item_id.13f9ceb8d1)
[0m20:31:59.284359 [debug] [Thread-5 (]: Began compiling node test.projeto_dw.unique_fato_vendas_item_id.13f9ceb8d1
[0m20:31:59.293565 [debug] [Thread-5 (]: Writing injected SQL for node "test.projeto_dw.unique_fato_vendas_item_id.13f9ceb8d1"
[0m20:31:59.294408 [debug] [Thread-4 (]: On test.projeto_dw.unique_fato_metas_mes.6fac1126c6: /* {"app": "dbt", "dbt_version": "1.12.5", "profile_name": "projeto_dw", "target_name": "dev", "node_id": "test.projeto_dw.unique_fato_metas_mes.6fac1126c6"} */

    
    select
      count(*) as failures,
      count(*) != 0 as should_warn,
      count(*) != 0 as should_error
    from (
      
    
  
    
    

with dbt_test__target as (

  select mes as unique_field
  from `project-c3b69582-833e-4e2a-88c`.`gold`.`fato_metas`
  where mes is not null

)

select
    unique_field,
    count(*) as n_records

from dbt_test__target
group by unique_field
having count(*) > 1



  
  
      
    ) dbt_internal_test
[0m20:31:59.295431 [debug] [Thread-4 (]: Opening a new connection, currently in state closed
[0m20:31:59.298120 [debug] [Thread-5 (]: Began executing node test.projeto_dw.unique_fato_vendas_item_id.13f9ceb8d1
[0m20:31:59.301675 [debug] [Thread-5 (]: Writing runtime sql for node "test.projeto_dw.unique_fato_vendas_item_id.13f9ceb8d1"
[0m20:31:59.302854 [debug] [Thread-5 (]: On test.projeto_dw.unique_fato_vendas_item_id.13f9ceb8d1: /* {"app": "dbt", "dbt_version": "1.12.5", "profile_name": "projeto_dw", "target_name": "dev", "node_id": "test.projeto_dw.unique_fato_vendas_item_id.13f9ceb8d1"} */

    
    select
      count(*) as failures,
      count(*) != 0 as should_warn,
      count(*) != 0 as should_error
    from (
      
    
  
    
    

with dbt_test__target as (

  select item_id as unique_field
  from `project-c3b69582-833e-4e2a-88c`.`gold`.`fato_vendas`
  where item_id is not null

)

select
    unique_field,
    count(*) as n_records

from dbt_test__target
group by unique_field
having count(*) > 1



  
  
      
    ) dbt_internal_test
[0m20:31:59.303828 [debug] [Thread-5 (]: Opening a new connection, currently in state closed
[0m20:31:59.359391 [info ] [Thread-3 (]: 16 of 20 PASS unique_dim_clientes_cliente_id ................................... [[32mPASS[0m in 0.94s]
[0m20:31:59.360912 [debug] [Thread-3 (]: Finished running node test.projeto_dw.unique_dim_clientes_cliente_id.3b564a3bce
[0m20:31:59.361751 [debug] [Thread-3 (]: Began running node test.projeto_dw.unique_kpi_mensal_mes.0450c9d6a2
[0m20:31:59.362399 [info ] [Thread-3 (]: 20 of 20 START test unique_kpi_mensal_mes ...................................... [RUN]
[0m20:31:59.363993 [debug] [Thread-3 (]: Re-using an available connection from the pool (formerly test.projeto_dw.unique_dim_clientes_cliente_id.3b564a3bce, now test.projeto_dw.unique_kpi_mensal_mes.0450c9d6a2)
[0m20:31:59.364765 [debug] [Thread-3 (]: Began compiling node test.projeto_dw.unique_kpi_mensal_mes.0450c9d6a2
[0m20:31:59.377038 [debug] [Thread-3 (]: Writing injected SQL for node "test.projeto_dw.unique_kpi_mensal_mes.0450c9d6a2"
[0m20:31:59.378055 [debug] [Thread-3 (]: Began executing node test.projeto_dw.unique_kpi_mensal_mes.0450c9d6a2
[0m20:31:59.380747 [debug] [Thread-3 (]: Writing runtime sql for node "test.projeto_dw.unique_kpi_mensal_mes.0450c9d6a2"
[0m20:31:59.382022 [debug] [Thread-3 (]: On test.projeto_dw.unique_kpi_mensal_mes.0450c9d6a2: /* {"app": "dbt", "dbt_version": "1.12.5", "profile_name": "projeto_dw", "target_name": "dev", "node_id": "test.projeto_dw.unique_kpi_mensal_mes.0450c9d6a2"} */

    
    select
      count(*) as failures,
      count(*) != 0 as should_warn,
      count(*) != 0 as should_error
    from (
      
    
  
    
    

with dbt_test__target as (

  select mes as unique_field
  from `project-c3b69582-833e-4e2a-88c`.`gold`.`kpi_mensal`
  where mes is not null

)

select
    unique_field,
    count(*) as n_records

from dbt_test__target
group by unique_field
having count(*) > 1



  
  
      
    ) dbt_internal_test
[0m20:31:59.383111 [debug] [Thread-3 (]: Opening a new connection, currently in state closed
[0m20:31:59.889210 [debug] [Thread-6 (]: BigQuery adapter: https://console.cloud.google.com/bigquery?project=project-c3b69582-833e-4e2a-88c&j=bq:southamerica-east1:dd290761-e62f-4783-918f-c75e357cf300&page=queryresults
[0m20:31:59.933275 [debug] [Thread-6 (]: SQL status: OK in 0.043 seconds
[0m20:31:59.986437 [debug] [Thread-4 (]: BigQuery adapter: https://console.cloud.google.com/bigquery?project=project-c3b69582-833e-4e2a-88c&j=bq:southamerica-east1:092a7e48-2eac-420e-ba83-7d55f8a5a98c&page=queryresults
[0m20:32:00.007450 [debug] [Thread-5 (]: BigQuery adapter: https://console.cloud.google.com/bigquery?project=project-c3b69582-833e-4e2a-88c&j=bq:southamerica-east1:a27a5db2-e144-4834-9ab6-1a550b79ccae&page=queryresults
[0m20:32:00.025808 [info ] [Thread-6 (]: 17 of 20 PASS unique_dim_produtos_produto_id ................................... [[32mPASS[0m in 0.89s]
[0m20:32:00.027167 [debug] [Thread-6 (]: Finished running node test.projeto_dw.unique_dim_produtos_produto_id.7d54c42ab2
[0m20:32:00.036530 [debug] [Thread-4 (]: SQL status: OK in 0.049 seconds
[0m20:32:00.073808 [debug] [Thread-5 (]: SQL status: OK in 0.066 seconds
[0m20:32:00.111762 [debug] [Thread-3 (]: BigQuery adapter: https://console.cloud.google.com/bigquery?project=project-c3b69582-833e-4e2a-88c&j=bq:southamerica-east1:fe5c187b-4924-4c5c-b8f6-c0e9231739b5&page=queryresults
[0m20:32:00.132103 [info ] [Thread-4 (]: 18 of 20 PASS unique_fato_metas_mes ............................................ [[32mPASS[0m in 0.88s]
[0m20:32:00.134036 [debug] [Thread-4 (]: Finished running node test.projeto_dw.unique_fato_metas_mes.6fac1126c6
[0m20:32:00.160635 [debug] [Thread-3 (]: SQL status: OK in 0.048 seconds
[0m20:32:00.172969 [info ] [Thread-5 (]: 19 of 20 PASS unique_fato_vendas_item_id ....................................... [[32mPASS[0m in 0.89s]
[0m20:32:00.174398 [debug] [Thread-5 (]: Finished running node test.projeto_dw.unique_fato_vendas_item_id.13f9ceb8d1
[0m20:32:00.266968 [info ] [Thread-3 (]: 20 of 20 PASS unique_kpi_mensal_mes ............................................ [[32mPASS[0m in 0.90s]
[0m20:32:00.270093 [debug] [Thread-3 (]: Finished running node test.projeto_dw.unique_kpi_mensal_mes.0450c9d6a2
[0m20:32:00.274711 [debug] [MainThread]: Opening a new connection, currently in state closed
[0m20:32:00.276053 [debug] [MainThread]: Connection 'master' was properly closed.
[0m20:32:00.276798 [debug] [MainThread]: Connection 'test.projeto_dw.unique_kpi_mensal_mes.0450c9d6a2' was properly closed.
[0m20:32:00.277476 [debug] [MainThread]: Connection 'test.projeto_dw.unique_fato_metas_mes.6fac1126c6' was properly closed.
[0m20:32:00.278022 [debug] [MainThread]: Connection 'test.projeto_dw.unique_dim_produtos_produto_id.7d54c42ab2' was properly closed.
[0m20:32:00.278625 [debug] [MainThread]: Connection 'test.projeto_dw.unique_fato_vendas_item_id.13f9ceb8d1' was properly closed.
[0m20:32:00.279391 [info ] [MainThread]: 
[0m20:32:00.280030 [info ] [MainThread]: Finished running 20 data tests in 0 hours 0 minutes and 5.27 seconds (5.27s).
[0m20:32:00.286278 [debug] [MainThread]: Command end result
[0m20:32:00.348577 [debug] [MainThread]: Wrote artifact WritableManifest to /usr/local/airflow/include/projeto_dw/target/manifest.json
[0m20:32:00.352898 [debug] [MainThread]: Wrote artifact SemanticManifest to /usr/local/airflow/include/projeto_dw/target/semantic_manifest.json
[0m20:32:00.357123 [debug] [MainThread]: Wrote artifact OsiDocument to /usr/local/airflow/include/projeto_dw/target/osi_document.json
[0m20:32:00.369707 [debug] [MainThread]: Wrote artifact RunExecutionResult to /usr/local/airflow/include/projeto_dw/target/run_results.json
[0m20:32:00.370401 [info ] [MainThread]: 
[0m20:32:00.371229 [info ] [MainThread]: [32mCompleted successfully[0m
[0m20:32:00.371997 [info ] [MainThread]: 
[0m20:32:00.372793 [info ] [MainThread]: Done. PASS=20 WARN=0 ERROR=0 SKIP=0 NO-OP=0 REUSED=0 TOTAL=20
[0m20:32:00.374079 [debug] [MainThread]: Resource report: {"command_name": "test", "command_success": true, "command_wall_clock_time": 10.305283, "process_in_blocks": "0", "process_kernel_time": 0.813853, "process_mem_max_rss": "315732", "process_out_blocks": "3504", "process_user_time": 10.978163}
[0m20:32:00.374813 [debug] [MainThread]: Command `dbt test` succeeded at 20:32:00.374665 after 10.31 seconds
[0m20:32:00.375365 [debug] [MainThread]: Sending event: {'category': 'dbt', 'action': 'invocation', 'label': 'end', 'context': [<snowplow_tracker.self_describing_json.SelfDescribingJson object at 0x77dea29b8950>, <snowplow_tracker.self_describing_json.SelfDescribingJson object at 0x77dea238f3e0>, <snowplow_tracker.self_describing_json.SelfDescribingJson object at 0x77dea238f960>]}
[0m20:32:00.375891 [debug] [MainThread]: Flushing usage events
[0m20:32:00.898333 [debug] [MainThread]: An error was encountered while trying to flush usage events
